COUNTRY,DATE,GROUP,COVID_VACCINE_ADM_1D,COVID_VACCINE_COV_1D,POPULATION,QUARTER,YEAR
AFG,2024-04-01,ad_chronic,12945.000000000,,,1,2024
AND,2024-04-01,ad_chronic,29.000000000,,,1,2024
AND,2024-07-01,ad_chronic,61.000000000,,,2,2024
ARG,2024-04-01,ad_chronic,205724.000000000,,,1,2024
ARG,2024-07-01,ad_chronic,156644.000000000,,,2,2024
BLR,2024-04-01,ad_chronic,296.000000000,,,1,2024
BLZ,2024-04-01,ad_chronic,0.000000000,,,1,2024
BLZ,2024-07-01,ad_chronic,0.000000000,,,2,2024
BRA,2024-04-01,ad_chronic,2141.000000000,,,1,2024
BTN,2024-04-01,ad_chronic,0.000000000,,,1,2024
CHL,2024-04-01,ad_chronic,93540.000000000,,,1,2024
CIV,2024-04-01,ad_chronic,1354.000000000,,,1,2024
CYP,2024-07-01,ad_chronic,47.000000000,,,2,2024
CZE,2024-04-01,ad_chronic,2112.000000000,,,1,2024
CZE,2024-07-01,ad_chronic,2354.000000000,,,2,2024
DMA,2024-04-01,ad_chronic,0.000000000,,,1,2024
DMA,2024-07-01,ad_chronic,0.000000000,,,2,2024
ESP,2024-07-01,ad_chronic,43144.000000000,,,2,2024
GNB,2024-04-01,ad_chronic,21088.000000000,,,1,2024
HKG,2024-04-01,ad_chronic,950.000000000,,,1,2024
HND,2024-04-01,ad_chronic,1185.000000000,,,1,2024
HND,2024-07-01,ad_chronic,1185.000000000,,,2,2024
IRL,2024-07-01,ad_chronic,3763.000000000,,,2,2024
IRN,2024-04-01,ad_chronic,0.000000000,,,1,2024
KGZ,2024-04-01,ad_chronic,134.000000000,,,1,2024
KNA,2024-04-01,ad_chronic,0.000000000,,,1,2024
LAO,2024-04-01,ad_chronic,28.000000000,,,1,2024
LVA,2024-07-01,ad_chronic,14.000000000,,,2,2024
MDA,2024-04-01,ad_chronic,636.000000000,,,1,2024
MDA,2024-07-01,ad_chronic,501.000000000,,,,
MEX,2024-04-01,ad_chronic,1063755.000000000,,,1,2024
MNE,2024-04-01,ad_chronic,16.000000000,,,1,2024
MNE,2024-07-01,ad_chronic,4.000000000,,,2,2024
MSR,2024-07-01,ad_chronic,0.000000000,,,2,2024
NER,2024-04-01,ad_chronic,346.000000000,,,1,2024
OMN,2024-04-01,ad_chronic,27.000000000,,,1,2024
OMN,2024-07-01,ad_chronic,6.000000000,,,2,2024
PAN,2024-04-01,ad_chronic,878.000000000,,,1,2024
PAN,2024-07-01,ad_chronic,138.000000000,,,2,2024
PER,2024-04-01,ad_chronic,24619.000000000,,,1,2024
PNG,2024-04-01,ad_chronic,0.000000000,,,1,2024
PRT,2024-04-01,ad_chronic,13972.000000000,,,1,2024
PRT,2024-07-01,ad_chronic,14282.000000000,,,2,2024
PRY,2024-04-01,ad_chronic,3847.000000000,,,1,2024
PRY,2024-07-01,ad_chronic,21830.000000000,,,2,2024
PSE,2024-04-01,ad_chronic,0.000000000,,,1,2024
PSE,2024-07-01,ad_chronic,0.000000000,,,2,2024
SEN,2024-04-01,ad_chronic,550.000000000,,,1,2024
SEN,2024-07-01,ad_chronic,669.000000000,,,2,2024
SLV,2024-04-01,ad_chronic,1245.000000000,,,1,2024
SLV,2024-07-01,ad_chronic,1464.000000000,,,2,2024
SMR,2024-04-01,ad_chronic,13.000000000,,,1,2024
SMR,2024-07-01,ad_chronic,13.000000000,,,2,2024
SYC,2024-04-01,ad_chronic,0.000000000,,,1,2024
SYR,2024-04-01,ad_chronic,305.000000000,,,1,2024
TCA,2024-04-01,ad_chronic,0.000000000,,,1,2024
URY,2024-04-01,ad_chronic,28168.000000000,,,1,2024
URY,2024-07-01,ad_chronic,11873.000000000,,,2,2024
UZB,2024-04-01,ad_chronic,0.000000000,,,1,2024
UZB,2024-07-01,ad_chronic,15944.000000000,,,2,2024
AFG,2024-04-01,hcw,2990.000000000,0.002997437,997519.000000000,1,2024
AND,2024-04-01,hcw,7.000000000,0.001798099,3893.000000000,1,2024
AND,2024-07-01,hcw,0.000000000,0.000000000,3893.000000000,2,2024
ARG,2024-04-01,hcw,55308.000000000,0.047681448,1159948.000000000,1,2024
ARG,2024-07-01,hcw,78785.000000000,0.067921148,1159948.000000000,2,2024
BEL,2024-07-01,hcw,483.000000000,0.000663972,727440.000000000,2,2024
BGR,2024-04-01,hcw,68.000000000,0.000413000,164649.000000000,1,2024
BGR,2024-07-01,hcw,95.000000000,0.000576985,164649.000000000,2,2024
BLR,2024-04-01,hcw,561.000000000,0.001453383,385996.000000000,1,2024
BLZ,2024-04-01,hcw,0.000000000,0.000000000,4413.000000000,1,2024
BLZ,2024-07-01,hcw,0.000000000,0.000000000,4413.000000000,2,2024
BRA,2024-04-01,hcw,26304.000000000,0.005444018,4831725.000000000,1,2024
BTN,2024-04-01,hcw,0.000000000,0.000000000,12228.000000000,1,2024
CHL,2024-04-01,hcw,58234.000000000,0.115099467,505945.000000000,1,2024
CIV,2024-04-01,hcw,45.000000000,0.000406357,110740.000000000,1,2024
CYP,2024-07-01,hcw,24.000000000,0.000827130,29016.000000000,2,2024
CZE,2024-04-01,hcw,1190.000000000,0.003158543,376756.000000000,1,2024
CZE,2024-07-01,hcw,1229.000000000,0.003262058,376756.000000000,2,2024
DMA,2024-04-01,hcw,0.000000000,0.000000000,1440.000000000,1,2024
DMA,2024-07-01,hcw,0.000000000,0.000000000,1440.000000000,2,2024
ESP,2024-07-01,hcw,20839.000000000,0.012525161,1663771.000000000,2,2024
FRA,2024-04-01,hcw,2548.000000000,0.000613585,4152645.000000000,1,2024
FRA,2024-07-01,hcw,2548.000000000,0.000613585,4152645.000000000,2,2024
GNB,2024-04-01,hcw,3156.000000000,0.514090243,6139.000000000,1,2024
GRC,2024-04-01,hcw,4283.000000000,0.017284728,247791.000000000,1,2024
GRC,2024-07-01,hcw,4415.000000000,0.017817435,247791.000000000,2,2024
HKG,2024-04-01,hcw,1878.000000000,,,1,2024
HND,2024-04-01,hcw,730.000000000,0.009032529,80819.000000000,1,2024
HND,2024-07-01,hcw,1487.000000000,0.018399139,80819.000000000,2,2024
IDN,2024-04-01,hcw,3.000000000,0.000001659,1807960.000000000,1,2024
IDN,2024-07-01,hcw,11.000000000,0.000006084,1807960.000000000,2,2024
IRL,2024-07-01,hcw,2293.000000000,0.007956115,288206.000000000,2,2024
IRN,2024-04-01,hcw,0.000000000,0.000000000,818176.000000000,1,2024
KGZ,2024-04-01,hcw,721.000000000,0.007591951,94969.000000000,1,2024
KNA,2024-04-01,hcw,0.000000000,0.000000000,2300.000000000,1,2024
LAO,2024-04-01,hcw,15.000000000,0.000863160,17378.000000000,1,2024
LVA,2024-07-01,hcw,3.000000000,0.000053012,56591.000000000,2,2024
MDA,2024-04-01,hcw,179.000000000,0.002442419,73288.000000000,1,2024
MDA,2024-07-01,hcw,202.000000000,0.002756249,73288.000000000,2,2024
MEX,2024-04-01,hcw,99430.000000000,0.062156803,1599664.000000000,1,2024
MNE,2024-04-01,hcw,5.000000000,0.000387447,12905.000000000,1,2024
MSR,2024-07-01,hcw,0.000000000,,,2,2024
NER,2024-04-01,hcw,300.000000000,0.006783033,44228.000000000,1,2024
NOR,2024-07-01,hcw,94.000000000,0.000166577,564302.000000000,2,2024
OMN,2024-04-01,hcw,11.000000000,0.000110109,99901.000000000,1,2024
OMN,2024-07-01,hcw,4.000000000,0.000040040,99901.000000000,2,2024
PAN,2024-04-01,hcw,1485.000000000,0.014483848,102528.000000000,1,2024
PAN,2024-07-01,hcw,20.000000000,0.000195069,102528.000000000,2,2024
PER,2024-04-01,hcw,23853.000000000,0.061312146,389042.000000000,1,2024
PNG,2024-04-01,hcw,128.000000000,0.008956059,14292.000000000,1,2024
PRT,2024-04-01,hcw,4664.000000000,0.010100376,461765.000000000,1,2024
PRT,2024-07-01,hcw,4770.000000000,0.010329930,461765.000000000,2,2024
PRY,2024-04-01,hcw,2961.000000000,0.022892796,129342.000000000,1,2024
PRY,2024-07-01,hcw,5735.000000000,0.044339812,129342.000000000,2,2024
PSE,2024-04-01,hcw,0.000000000,,,1,2024
PSE,2024-07-01,hcw,0.000000000,,,2,2024
SEN,2024-04-01,hcw,3.000000000,0.000045781,65530.000000000,1,2024
SEN,2024-07-01,hcw,4.000000000,0.000061041,65530.000000000,2,2024
SLV,2024-04-01,hcw,1001.000000000,0.014751610,67857.000000000,1,2024
SLV,2024-07-01,hcw,1340.000000000,0.019747410,67857.000000000,2,2024
SMR,2024-04-01,hcw,0.000000000,0.000000000,1697.000000000,1,2024
SMR,2024-07-01,hcw,0.000000000,0.000000000,1697.000000000,2,2024
SYC,2024-04-01,hcw,0.000000000,0.000000000,1064.000000000,1,2024
SYR,2024-04-01,hcw,104.000000000,0.000548292,189680.000000000,1,2024
TCA,2024-04-01,hcw,0.000000000,,,1,2024
UZB,2024-04-01,hcw,6.000000000,0.000007142,840120.000000000,1,2024
UZB,2024-07-01,hcw,4001.000000000,0.004762415,840120.000000000,2,2024
AFG,2024-04-01,old,98220.000000000,0.027163535,3615877.000000000,1,2024
AND,2024-04-01,old,158.000000000,0.008324114,18981.000000000,1,2024
AND,2024-07-01,old,115.000000000,0.006058690,18981.000000000,2,2024
ARG,2024-04-01,old,432374.000000000,0.056163416,7698499.000000000,1,2024
ARG,2024-07-01,old,702252.000000000,0.091219340,7698499.000000000,2,2024
BEL,2024-07-01,old,6051.000000000,0.002507382,2413274.000000000,2,2024
BGR,2024-04-01,old,3038.000000000,0.001570477,1934444.000000000,1,2024
BGR,2024-07-01,old,3632.000000000,0.001877542,1934444.000000000,2,2024
BLR,2024-04-01,old,240.000000000,0.000106193,2260032.000000000,1,2024
BLZ,2024-04-01,old,0.000000000,0.000000000,33486.000000000,1,2024
BLZ,2024-07-01,old,3.000000000,0.000089590,33486.000000000,2,2024
BRA,2024-04-01,old,15697.000000000,0.000459468,34163460.000000000,1,2024
BTN,2024-04-01,old,0.000000000,0.000000000,75834.000000000,1,2024
CHL,2024-04-01,old,274935.000000000,0.071017624,3871363.000000000,1,2024
CIV,2024-04-01,old,21732.000000000,0.007087230,3066360.000000000,1,2024
CRI,2024-04-01,old,3062.000000000,0.003404261,899461.000000000,1,2024
CRI,2024-07-01,old,746.000000000,0.000829386,899461.000000000,2,2024
CYP,2024-07-01,old,6533.000000000,0.024061640,271511.000000000,2,2024
CZE,2024-04-01,old,15230.000000000,0.005344388,2849718.000000000,1,2024
CZE,2024-07-01,old,15467.000000000,0.005427555,2849718.000000000,2,2024
DEU,2024-04-01,old,242846.000000000,0.009265504,26209692.000000000,1,2024
DEU,2024-07-01,old,247453.000000000,0.009441278,26209692.000000000,2,2024
DMA,2024-04-01,old,0.000000000,0.000000000,12494.000000000,1,2024
DMA,2024-07-01,old,0.000000000,0.000000000,12494.000000000,2,2024
DNK,2024-07-01,old,12305.000000000,0.009865610,1247262.000000000,2,2024
DOM,2024-04-01,old,26843.000000000,0.019846847,1352507.000000000,1,2024
ESP,2024-07-01,old,379873.000000000,0.028212103,13464895.000000000,2,2024
EST,2024-07-01,old,6447.000000000,0.017108919,376821.000000000,2,2024
FIN,2024-04-01,old,46753.000000000,0.027388248,1707046.000000000,1,2024
FIN,2024-07-01,old,48752.000000000,0.028559277,1707046.000000000,2,2024
FRA,2024-04-01,old,237397.000000000,0.012551556,18913751.000000000,1,2024
FRA,2024-07-01,old,237397.000000000,0.012551556,18913751.000000000,2,2024
GNB,2024-04-01,old,36608.000000000,0.159708225,229218.000000000,1,2024
GRC,2024-04-01,old,139407.000000000,0.045237514,3081668.000000000,1,2024
GRC,2024-07-01,old,141399.000000000,0.045883917,3081668.000000000,2,2024
HKG,2024-04-01,old,132716.000000000,0.038382274,3457742.000000000,1,2024
HND,2024-04-01,old,8950.000000000,0.012148475,736718.000000000,1,2024
HND,2024-07-01,old,15079.000000000,0.020467805,736718.000000000,2,2024
HUN,2024-07-01,old,36127.000000000,0.014031985,2574618.000000000,2,2024
IDN,2024-04-01,old,8.000000000,0.000000246,32573758.000000000,1,2024
IDN,2024-07-01,old,40.000000000,0.000001228,32573758.000000000,2,2024
IRL,2024-07-01,old,361864.000000000,0.321780453,1124568.000000000,2,2024
IRN,2024-04-01,old,0.000000000,0.000000000,11195067.000000000,1,2024
ISL,2024-04-01,old,1613.000000000,0.019428117,83024.000000000,1,2024
ISL,2024-07-01,old,1613.000000000,0.019428117,83024.000000000,2,2024
ITA,2024-07-01,old,230794.000000000,0.012134016,19020413.000000000,2,2024
KGZ,2024-04-01,old,2867.000000000,0.004219726,679428.000000000,1,2024
KHM,2024-04-01,old,363938.000000000,0.214614177,1695778.000000000,1,2024
KNA,2024-04-01,old,0.000000000,0.000000000,8022.000000000,1,2024
LAO,2024-04-01,old,316.000000000,0.000542963,581992.000000000,1,2024
LTU,2024-07-01,old,885.000000000,0.001127713,784774.000000000,2,2024
LUX,2024-07-01,old,1895.000000000,0.013072842,144957.000000000,2,2024
LVA,2024-07-01,old,31.000000000,0.000057444,539658.000000000,2,2024
MDA,2024-04-01,old,488.000000000,0.000698514,698626.000000000,1,2024
MDA,2024-07-01,old,547.000000000,0.000782965,698626.000000000,2,2024
MDV,2024-04-01,old,2.000000000,0.000050633,39500.000000000,1,2024
MEX,2024-04-01,old,1184020.000000000,0.074217273,15953429.000000000,1,2024
MNE,2024-04-01,old,3.000000000,0.000026347,113865.000000000,1,2024
MSR,2024-07-01,old,0.000000000,0.000000000,1176.000000000,2,2024
NER,2024-04-01,old,6532.000000000,0.005785185,1129091.000000000,1,2024
NLD,2024-04-01,old,2312.000000000,0.000464560,4976747.000000000,1,2024
NLD,2024-07-01,old,2760.000000000,0.000554579,4976747.000000000,2,2024
NOR,2024-07-01,old,11497.000000000,0.008382805,1371498.000000000,2,2024
OMN,2024-04-01,old,12.000000000,0.000052739,227535.000000000,1,2024
OMN,2024-07-01,old,2.000000000,0.000008790,227535.000000000,2,2024
PAN,2024-04-01,old,1828.000000000,0.002996441,610057.000000000,1,2024
PAN,2024-07-01,old,181.000000000,0.000296694,610057.000000000,2,2024
PER,2024-04-01,old,191461.000000000,0.043058704,4446511.000000000,1,2024
PNG,2024-04-01,old,306.000000000,0.000216186,1415449.000000000,1,2024
POL,2024-07-01,old,268634.000000000,0.026538728,10122339.000000000,2,2024
PRT,2024-04-01,old,200430.000000000,0.060984738,3286560.000000000,1,2024
PRT,2024-07-01,old,202072.000000000,0.061484348,3286560.000000000,2,2024
PRY,2024-04-01,old,10461.000000000,0.015229646,686884.000000000,1,2024
PRY,2024-07-01,old,40858.000000000,0.059483115,686884.000000000,2,2024
PSE,2024-04-01,old,0.000000000,0.000000000,325870.000000000,1,2024
PSE,2024-07-01,old,0.000000000,0.000000000,325870.000000000,2,2024
ROU,2024-04-01,old,199.000000000,0.000041297,4818801.000000000,1,2024
ROU,2024-07-01,old,2351.000000000,0.000487881,4818801.000000000,2,2024
SEN,2024-04-01,old,58.000000000,0.000056211,1031822.000000000,1,2024
SEN,2024-07-01,old,64.000000000,0.000062026,1031822.000000000,2,2024
SLV,2024-04-01,old,2604.000000000,0.003531527,737358.000000000,1,2024
SLV,2024-07-01,old,3026.000000000,0.004103841,737358.000000000,2,2024
SMR,2024-04-01,old,8.000000000,0.000779879,10258.000000000,1,2024
SMR,2024-07-01,old,8.000000000,0.000779879,10258.000000000,2,2024
SVN,2024-07-01,old,3354.000000000,0.007270804,461297.000000000,2,2024
SWE,2024-07-01,old,1756284.000000000,0.626967301,2801237.000000000,2,2024
SYC,2024-04-01,old,0.000000000,0.000000000,17209.000000000,1,2024
SYR,2024-04-01,old,202.000000000,0.000075741,2666969.000000000,1,2024
TCA,2024-04-01,old,0.000000000,0.000000000,7891.000000000,1,2024
TCA,2024-07-01,old,3.000000000,0.000380180,7891.000000000,2,2024
UKR,2024-07-01,old,19433.000000000,0.001954401,9943198.000000000,2,2024
URY,2024-04-01,old,88708.000000000,0.122135513,726308.000000000,1,2024
URY,2024-07-01,old,14185.000000000,0.019530282,726308.000000000,2,2024
UZB,2024-04-01,old,142.000000000,0.000041132,3452328.000000000,1,2024
UZB,2024-07-01,old,11880.000000000,0.003441156,3452328.000000000,2,2024
AND,2024-04-01,other,1.000000000,,,1,2024
BLR,2024-04-01,other,792.000000000,,,1,2024
BLZ,2024-04-01,other,1057.000000000,,,1,2024
BLZ,2024-07-01,other,6.000000000,,,2,2024
BRA,2024-04-01,other,620686.000000000,,,1,2024
BTN,2024-04-01,other,0.000000000,,,1,2024
CHL,2024-04-01,other,20250.000000000,,,1,2024
COL,2024-04-01,other,1429.000000000,,,1,2024
COL,2024-07-01,other,4351.000000000,,,2,2024
CRI,2024-04-01,other,2280.000000000,,,1,2024
DMA,2024-04-01,other,0.000000000,,,1,2024
DMA,2024-07-01,other,0.000000000,,,2,2024
DOM,2024-04-01,other,10655.000000000,,,1,2024
HND,2024-04-01,other,59046.000000000,,,1,2024
HND,2024-07-01,other,82171.000000000,,,2,2024
IDN,2024-04-01,other,435.000000000,,,1,2024
IDN,2024-07-01,other,3076.000000000,,,2,2024
KGZ,2024-04-01,other,13791.000000000,,,1,2024
KNA,2024-04-01,other,0.000000000,,,1,2024
LVA,2024-07-01,other,7.000000000,,,2,2024
MDA,2024-04-01,other,239.000000000,,,1,2024
MDA,2024-07-01,other,54.000000000,,,,
MEX,2024-04-01,other,924158.000000000,,,1,2024
MNE,2024-04-01,other,82.000000000,,,1,2024
MNE,2024-07-01,other,6.000000000,,,2,2024
MSR,2024-07-01,other,0.000000000,,,2,2024
NER,2024-04-01,other,84985.000000000,,,1,2024
OMN,2024-07-01,other,30.000000000,,,2,2024
PAN,2024-04-01,other,4015.000000000,,,1,2024
PAN,2024-07-01,other,634.000000000,,,2,2024
PRT,2024-07-01,other,178.000000000,,,,
PRY,2024-04-01,other,31844.000000000,,,1,2024
PRY,2024-07-01,other,65243.000000000,,,2,2024
PSE,2024-04-01,other,0.000000000,,,1,2024
PSE,2024-07-01,other,0.000000000,,,2,2024
SMR,2024-04-01,other,54.000000000,,,1,2024
SMR,2024-07-01,other,54.000000000,,,2,2024
SYC,2024-04-01,other,0.000000000,,,1,2024
TCA,2024-04-01,other,0.000000000,,,1,2024
TCA,2024-07-01,other,4.000000000,,,2,2024
UZB,2024-04-01,other,2296.000000000,,,1,2024
UZB,2024-07-01,other,592935.000000000,,,2,2024
ARG,2024-04-01,pw,2982.000000000,,,1,2024
ARG,2024-07-01,pw,4618.000000000,,,2,2024
BLR,2024-04-01,pw,3.000000000,,,1,2024
BLZ,2024-04-01,pw,0.000000000,,,1,2024
BLZ,2024-07-01,pw,0.000000000,,,2,2024
BRA,2024-04-01,pw,1278.000000000,,,1,2024
BTN,2024-04-01,pw,0.000000000,,,1,2024
CHL,2024-04-01,pw,2236.000000000,,,1,2024
CIV,2024-04-01,pw,9038.000000000,,,1,2024
COL,2024-04-01,pw,0.000000000,,,1,2024
COL,2024-07-01,pw,0.000000000,,,2,2024
CUB,2024-04-01,pw,4907.000000000,,,1,2024
CYP,2024-07-01,pw,0.000000000,,,2,2024
DMA,2024-04-01,pw,0.000000000,,,1,2024
DMA,2024-07-01,pw,0.000000000,,,2,2024
ESP,2024-07-01,pw,1819.000000000,,,2,2024
GNB,2024-04-01,pw,1935.000000000,,,1,2024
HKG,2024-04-01,pw,85.000000000,,,1,2024
HND,2024-04-01,pw,5111.000000000,,,1,2024
HND,2024-07-01,pw,7832.000000000,,,2,2024
IRL,2024-07-01,pw,2139.000000000,,,2,2024
IRN,2024-04-01,pw,0.000000000,,,1,2024
KGZ,2024-04-01,pw,2.000000000,,,1,2024
KNA,2024-04-01,pw,0.000000000,,,1,2024
LAO,2024-04-01,pw,44.000000000,,,1,2024
LVA,2024-07-01,pw,0.000000000,,,2,2024
MDA,2024-04-01,pw,0.000000000,,,1,2024
MDA,2024-07-01,pw,0.000000000,,,,
MEX,2024-04-01,pw,82430.000000000,,,1,2024
MNE,2024-04-01,pw,0.000000000,,,1,2024
MSR,2024-07-01,pw,0.000000000,,,2,2024
OMN,2024-04-01,pw,0.000000000,,,1,2024
OMN,2024-07-01,pw,0.000000000,,,2,2024
PAN,2024-04-01,pw,141.000000000,,,1,2024
PAN,2024-07-01,pw,31.000000000,,,2,2024
PER,2024-04-01,pw,4894.000000000,,,1,2024
PRT,2024-04-01,pw,1704.000000000,,,1,2024
PRT,2024-07-01,pw,1830.000000000,,,2,2024
PRY,2024-04-01,pw,866.000000000,,,1,2024
PRY,2024-07-01,pw,619.000000000,,,2,2024
PSE,2024-04-01,pw,0.000000000,,,1,2024
PSE,2024-07-01,pw,0.000000000,,,2,2024
SLV,2024-04-01,pw,317.000000000,,,1,2024
SLV,2024-07-01,pw,397.000000000,,,2,2024
SMR,2024-04-01,pw,0.000000000,,,1,2024
SMR,2024-07-01,pw,0.000000000,,,2,2024
SYC,2024-04-01,pw,0.000000000,,,1,2024
TCA,2024-04-01,pw,0.000000000,,,1,2024
URY,2024-04-01,pw,1271.000000000,,,1,2024
URY,2024-07-01,pw,383.000000000,,,2,2024
AFG,2024-04-01,all,470247.000000000,,,1,2024
ALB,2024-07-01,all,1040.000000000,,,2,2024
AND,2024-04-01,all,203.000000000,,,1,2024
AND,2024-07-01,all,176.000000000,,,2,2024
ARG,2024-04-01,all,886723.000000000,,,1,2024
ARG,2024-07-01,all,1389993.000000000,,,2,2024
AUT,2024-04-01,all,21618.000000000,,,1,2024
AUT,2024-07-01,all,1493.000000000,,,2,2024
BEL,2024-07-01,all,10224.000000000,,,2,2024
BGD,2024-07-01,all,1712.000000000,,,2,2024
BGR,2024-04-01,all,1869.000000000,,,1,2024
BGR,2024-07-01,all,2299.000000000,,,2,2024
BLR,2024-04-01,all,1892.000000000,,,1,2024
BLZ,2024-04-01,all,1057.000000000,,,1,2024
BLZ,2024-07-01,all,9.000000000,,,2,2024
BRA,2024-04-01,all,650409.000000000,,,1,2024
BRB,2024-04-01,all,0.000000000,,,1,2024
BRB,2024-07-01,all,0.000000000,,,2,2024
BTN,2024-04-01,all,0.000000000,,,1,2024
CHL,2024-04-01,all,447217.000000000,,,1,2024
CIV,2024-04-01,all,90438.000000000,,,1,2024
COL,2024-04-01,all,223140.000000000,,,1,2024
COL,2024-07-01,all,627413.000000000,,,2,2024
CRI,2024-04-01,all,15324.000000000,,,1,2024
CRI,2024-07-01,all,3445.000000000,,,2,2024
CUB,2024-04-01,all,113798.000000000,,,1,2024
CYP,2024-07-01,all,7690.000000000,,,2,2024
CZE,2024-04-01,all,20709.000000000,,,1,2024
CZE,2024-07-01,all,21314.000000000,,,2,2024
DEU,2024-04-01,all,289637.000000000,,,1,2024
DEU,2024-07-01,all,295744.000000000,,,2,2024
DMA,2024-04-01,all,0.000000000,,,1,2024
DMA,2024-07-01,all,0.000000000,,,2,2024
DNK,2024-07-01,all,7727.000000000,,,2,2024
DOM,2024-04-01,all,37498.000000000,,,1,2024
ESP,2024-07-01,all,572389.000000000,,,2,2024
EST,2024-07-01,all,3836.000000000,,,2,2024
FIN,2024-04-01,all,58512.000000000,,,1,2024
FIN,2024-07-01,all,61842.000000000,,,2,2024
FRA,2024-04-01,all,286571.000000000,,,1,2024
FRA,2024-07-01,all,286571.000000000,,,2,2024
GHA,2024-04-01,all,266244.000000000,,,1,2024
GNB,2024-04-01,all,183605.000000000,,,1,2024
GRC,2024-04-01,all,165775.000000000,,,1,2024
GRC,2024-07-01,all,168767.000000000,,,2,2024
GTM,2024-04-01,all,13758.000000000,,,1,2024
GUY,2024-04-01,all,219.000000000,,,1,2024
HKG,2024-04-01,all,137744.000000000,,,1,2024
HND,2024-04-01,all,75022.000000000,,,1,2024
HND,2024-07-01,all,107754.000000000,,,2,2024
HUN,2024-07-01,all,20189.000000000,,,2,2024
IDN,2024-04-01,all,446.000000000,,,1,2024
IDN,2024-07-01,all,3127.000000000,,,2,2024
IRL,2024-07-01,all,188830.000000000,,,2,2024
IRN,2024-04-01,all,0.000000000,,,1,2024
ISL,2024-04-01,all,930.000000000,,,1,2024
ISL,2024-07-01,all,930.000000000,,,2,2024
ITA,2024-07-01,all,0.000000000,,,2,2024
KAZ,2024-07-01,all,3773.000000000,,,2,2024
KGZ,2024-04-01,all,19295.000000000,,,1,2024
KHM,2024-04-01,all,431820.000000000,,,1,2024
KNA,2024-04-01,all,0.000000000,,,1,2024
KWT,2024-04-01,all,1990.000000000,,,1,2024
LAO,2024-04-01,all,2407.000000000,,,1,2024
LIE,2024-04-01,all,47.000000000,,,1,2024
LIE,2024-07-01,all,49.000000000,,,2,2024
LTU,2024-07-01,all,0.000000000,,,2,2024
LUX,2024-07-01,all,1115.000000000,,,2,2024
LVA,2024-07-01,all,110.000000000,,,2,2024
MDA,2024-04-01,all,1542.000000000,,,1,2024
MDA,2024-07-01,all,648.000000000,,,2,2024
MDV,2024-04-01,all,15.000000000,,,1,2024
MEX,2024-04-01,all,3353793.000000000,,,1,2024
MNE,2024-04-01,all,106.000000000,,,1,2024
MNE,2024-07-01,all,10.000000000,,,2,2024
MSR,2024-07-01,all,0.000000000,,,2,2024
NER,2024-04-01,all,87075.000000000,,,1,2024
NLD,2024-04-01,all,4029.000000000,,,1,2024
NLD,2024-07-01,all,4871.000000000,,,2,2024
NOR,2024-07-01,all,16253.000000000,,,2,2024
NPL,2024-04-01,all,8528.000000000,,,1,2024
OMN,2024-04-01,all,50.000000000,,,1,2024
OMN,2024-07-01,all,42.000000000,,,2,2024
PAN,2024-04-01,all,8347.000000000,,,1,2024
PAN,2024-07-01,all,1004.000000000,,,2,2024
PER,2024-04-01,all,49497.000000000,,,1,2024
PNG,2024-04-01,all,1705.000000000,,,1,2024
POL,2024-04-01,all,351070.000000000,,,1,2024
POL,2024-07-01,all,366594.000000000,,,2,2024
PRT,2024-04-01,all,361018.000000000,,,1,2024
PRT,2024-07-01,all,365138.000000000,,,2,2024
PRY,2024-04-01,all,49979.000000000,,,1,2024
PRY,2024-07-01,all,134285.000000000,,,2,2024
PSE,2024-04-01,all,0.000000000,,,1,2024
PSE,2024-07-01,all,0.000000000,,,2,2024
QAT,2024-04-01,all,1699.000000000,,,1,2024
ROU,2024-04-01,all,158.000000000,,,1,2024
ROU,2024-07-01,all,1727.000000000,,,2,2024
SAU,2024-04-01,all,61173.000000000,,,1,2024
SEN,2024-04-01,all,611.000000000,,,1,2024
SEN,2024-07-01,all,737.000000000,,,2,2024
SLV,2024-04-01,all,17334.000000000,,,1,2024
SLV,2024-07-01,all,22352.000000000,,,2,2024
SMR,2024-04-01,all,75.000000000,,,1,2024
SMR,2024-07-01,all,75.000000000,,,2,2024
SVN,2024-07-01,all,1882.000000000,,,2,2024
SWE,2024-07-01,all,0.000000000,,,2,2024
SYC,2024-04-01,all,0.000000000,,,1,2024
SYR,2024-04-01,all,1799.000000000,,,1,2024
TCA,2024-04-01,all,0.000000000,,,1,2024
TCA,2024-07-01,all,17.000000000,,,2,2024
TJK,2024-04-01,all,41828.000000000,,,1,2024
TJK,2024-07-01,all,41828.000000000,,,2,2024
UKR,2024-04-01,all,6044.000000000,,,1,2024
UKR,2024-07-01,all,53906.000000000,,,2,2024
URY,2024-04-01,all,91684.000000000,,,1,2024
URY,2024-07-01,all,22540.000000000,,,2,2024
UZB,2024-04-01,all,2502.000000000,,,1,2024
UZB,2024-07-01,all,630192.000000000,,,2,2024
ARG,2024-04-01,female,493600.000000000,,,1,2024
ARG,2024-07-01,female,777882.000000000,,,2,2024
AUT,2024-04-01,female,11539.000000000,,,1,2024
AUT,2024-07-01,female,795.000000000,,,2,2024
BGD,2024-07-01,female,874.000000000,,,2,2024
BLZ,2024-07-01,female,5.000000000,,,2,2024
BRA,2024-04-01,female,319106.000000000,,,1,2024
BRB,2024-04-01,female,0.000000000,,,1,2024
BRB,2024-07-01,female,0.000000000,,,2,2024
BTN,2024-04-01,female,0.000000000,,,1,2024
CIV,2024-04-01,female,49419.000000000,,,1,2024
COL,2024-04-01,female,120272.000000000,,,1,2024
COL,2024-07-01,female,332607.000000000,,,2,2024
CRI,2024-04-01,female,7162.000000000,,,1,2024
CRI,2024-07-01,female,1816.000000000,,,2,2024
DMA,2024-04-01,female,0.000000000,,,1,2024
DMA,2024-07-01,female,0.000000000,,,2,2024
GHA,2024-04-01,female,144304.000000000,,,1,2024
GNB,2024-04-01,female,118651.000000000,,,1,2024
GTM,2024-04-01,female,8871.000000000,,,1,2024
HKG,2024-04-01,female,68304.000000000,,,1,2024
IDN,2024-04-01,female,190.000000000,,,1,2024
IDN,2024-07-01,female,1366.000000000,,,2,2024
IRN,2024-04-01,female,0.000000000,,,1,2024
KGZ,2024-04-01,female,9623.000000000,,,1,2024
KHM,2024-04-01,female,236189.000000000,,,1,2024
KNA,2024-04-01,female,0.000000000,,,1,2024
LAO,2024-04-01,female,760.000000000,,,1,2024
LVA,2024-07-01,female,49.000000000,,,2,2024
MDA,2024-04-01,female,885.000000000,,,1,2024
MDA,2024-07-01,female,438.000000000,,,,
MDV,2024-04-01,female,4.000000000,,,1,2024
MSR,2024-07-01,female,0.000000000,,,2,2024
OMN,2024-04-01,female,17.000000000,,,1,2024
OMN,2024-07-01,female,12.000000000,,,2,2024
PNG,2024-04-01,female,611.000000000,,,1,2024
PRY,2024-04-01,female,29100.000000000,,,1,2024
PRY,2024-07-01,female,75279.000000000,,,2,2024
PSE,2024-04-01,female,0.000000000,,,1,2024
PSE,2024-07-01,female,0.000000000,,,2,2024
SEN,2024-04-01,female,265.000000000,,,1,2024
SEN,2024-07-01,female,427.000000000,,,2,2024
SLV,2024-04-01,female,9283.000000000,,,1,2024
SLV,2024-07-01,female,11969.000000000,,,2,2024
SMR,2024-04-01,female,43.000000000,,,1,2024
SMR,2024-07-01,female,43.000000000,,,2,2024
SYC,2024-04-01,female,0.000000000,,,1,2024
SYR,2024-04-01,female,898.000000000,,,1,2024
TCA,2024-04-01,female,0.000000000,,,1,2024
TCA,2024-07-01,female,8.000000000,,,2,2024
URY,2024-04-01,female,53411.000000000,,,1,2024
URY,2024-07-01,female,12588.000000000,,,2,2024
AFG,2024-04-01,male,470247.000000000,,,1,2024
ARG,2024-04-01,male,391895.000000000,,,1,2024
ARG,2024-07-01,male,610321.000000000,,,2,2024
AUT,2024-04-01,male,10070.000000000,,,1,2024
AUT,2024-07-01,male,698.000000000,,,2,2024
BGD,2024-07-01,male,838.000000000,,,2,2024
BLZ,2024-07-01,male,4.000000000,,,2,2024
BRA,2024-04-01,male,331292.000000000,,,1,2024
BRB,2024-04-01,male,0.000000000,,,1,2024
BRB,2024-07-01,male,0.000000000,,,2,2024
BTN,2024-04-01,male,0.000000000,,,1,2024
CIV,2024-04-01,male,41019.000000000,,,1,2024
COL,2024-04-01,male,101439.000000000,,,1,2024
COL,2024-07-01,male,290455.000000000,,,2,2024
CRI,2024-04-01,male,5882.000000000,,,1,2024
CRI,2024-07-01,male,1629.000000000,,,2,2024
DMA,2024-04-01,male,0.000000000,,,1,2024
DMA,2024-07-01,male,0.000000000,,,2,2024
GHA,2024-04-01,male,121940.000000000,,,1,2024
GNB,2024-04-01,male,64954.000000000,,,1,2024
GTM,2024-04-01,male,4887.000000000,,,1,2024
HKG,2024-04-01,male,69440.000000000,,,1,2024
IDN,2024-04-01,male,256.000000000,,,1,2024
IDN,2024-07-01,male,1903.000000000,,,2,2024
IRN,2024-04-01,male,0.000000000,,,1,2024
KGZ,2024-04-01,male,9672.000000000,,,1,2024
KHM,2024-04-01,male,195631.000000000,,,1,2024
KNA,2024-04-01,male,0.000000000,,,1,2024
LAO,2024-04-01,male,1647.000000000,,,1,2024
LVA,2024-07-01,male,61.000000000,,,2,2024
MDA,2024-04-01,male,657.000000000,,,1,2024
MDA,2024-07-01,male,668.000000000,,,,
MDV,2024-04-01,male,11.000000000,,,1,2024
MSR,2024-07-01,male,0.000000000,,,2,2024
OMN,2024-04-01,male,33.000000000,,,1,2024
OMN,2024-07-01,male,30.000000000,,,2,2024
PNG,2024-04-01,male,1094.000000000,,,1,2024
PRY,2024-04-01,male,20879.000000000,,,1,2024
PRY,2024-07-01,male,59006.000000000,,,2,2024
PSE,2024-04-01,male,0.000000000,,,1,2024
PSE,2024-07-01,male,0.000000000,,,2,2024
SEN,2024-04-01,male,346.000000000,,,1,2024
SEN,2024-07-01,male,310.000000000,,,2,2024
SLV,2024-04-01,male,8047.000000000,,,1,2024
SLV,2024-07-01,male,3136.000000000,,,2,2024
SMR,2024-04-01,male,32.000000000,,,1,2024
SMR,2024-07-01,male,32.000000000,,,2,2024
SYC,2024-04-01,male,0.000000000,,,1,2024
SYR,2024-04-01,male,901.000000000,,,1,2024
TCA,2024-04-01,male,0.000000000,,,1,2024
TCA,2024-07-01,male,9.000000000,,,2,2024
URY,2024-04-01,male,38273.000000000,,,1,2024
URY,2024-07-01,male,9944.000000000,,,2,2024
AFG,2024-07-01,ad_chronic,12945.000000000,,,2,2024
AIA,2024-04-01,ad_chronic,0.000000000,,,1,2024
BLR,2024-07-01,ad_chronic,0.000000000,,,2,2024
BTN,2024-07-01,ad_chronic,4.000000000,,,2,2024
CHL,2024-07-01,ad_chronic,476502.000000000,,,2,2024
CYM,2024-07-01,ad_chronic,8.000000000,,,2,2024
HKG,2024-07-01,ad_chronic,1229.000000000,,,2,2024
PNG,2024-07-01,ad_chronic,36.000000000,,,2,2024
SYR,2024-07-01,ad_chronic,137.000000000,,,2,2024
AFG,2024-07-01,hcw,2990.000000000,0.002997437,997519.000000000,2,2024
AIA,2024-04-01,hcw,0.000000000,,,1,2024
AUS,2024-07-01,hcw,67195.000000000,0.037484115,1792626.000000000,2,2024
BLR,2024-07-01,hcw,0.000000000,0.000000000,385996.000000000,2,2024
BTN,2024-07-01,hcw,0.000000000,0.000000000,12228.000000000,2,2024
CHL,2024-07-01,hcw,161074.000000000,0.318362668,505945.000000000,2,2024
CYM,2024-07-01,hcw,6.000000000,,,2,2024
HKG,2024-07-01,hcw,2067.000000000,,,2,2024
MAC,2024-04-01,hcw,186.000000000,,,1,2024
MAC,2024-07-01,hcw,204.000000000,,,2,2024
PNG,2024-07-01,hcw,134.000000000,0.009375875,14292.000000000,2,2024
SYR,2024-07-01,hcw,128.000000000,0.000674821,189680.000000000,2,2024
AFG,2024-07-01,old,98220.000000000,0.027163535,3615877.000000000,2,2024
AIA,2024-04-01,old,0.000000000,0.000000000,2705.000000000,1,2024
AUS,2024-04-01,old,356418.000000000,0.163190273,2184064.000000000,1,2024
AUS,2024-07-01,old,715849.000000000,0.327760084,2184064.000000000,2,2024
BLR,2024-07-01,old,0.000000000,0.000000000,2260032.000000000,2,2024
BTN,2024-07-01,old,0.000000000,0.000000000,75834.000000000,2,2024
CHL,2024-07-01,old,908281.000000000,0.234615302,3871363.000000000,2,2024
CYM,2024-07-01,old,36.000000000,0.003336113,10791.000000000,2,2024
HKG,2024-07-01,old,153980.000000000,0.044531952,3457742.000000000,2,2024
MAC,2024-04-01,old,12167.000000000,0.118380214,102779.000000000,1,2024
MAC,2024-07-01,old,14281.000000000,0.138948618,102779.000000000,2,2024
MDV,2024-07-01,old,2.000000000,0.000050633,39500.000000000,2,2024
PNG,2024-07-01,old,692.000000000,0.000488891,1415449.000000000,2,2024
SYR,2024-07-01,old,216.000000000,0.000080991,2666969.000000000,2,2024
AIA,2024-04-01,other,0.000000000,,,1,2024
BLR,2024-07-01,other,0.000000000,,,2,2024
CHL,2024-07-01,other,95902.000000000,,,2,2024
AIA,2024-04-01,pw,0.000000000,,,1,2024
BLR,2024-07-01,pw,0.000000000,,,2,2024
BTN,2024-07-01,pw,0.000000000,,,2,2024
CHL,2024-07-01,pw,7577.000000000,,,2,2024
CYM,2024-07-01,pw,0.000000000,,,2,2024
HKG,2024-07-01,pw,125.000000000,,,2,2024
AFG,2024-07-01,all,318873.000000000,,,2,2024
AIA,2024-04-01,all,0.000000000,,,1,2024
AUS,2024-04-01,all,953103.000000000,,,1,2024
AUS,2024-07-01,all,2018932.000000000,,,2,2024
BLR,2024-07-01,all,0.000000000,,,2,2024
BTN,2024-07-01,all,122.000000000,,,2,2024
CHL,2024-07-01,all,1553434.000000000,,,2,2024
CYM,2024-07-01,all,86.000000000,,,2,2024
HKG,2024-07-01,all,160442.000000000,,,2,2024
MAC,2024-04-01,all,15430.000000000,,,1,2024
MAC,2024-07-01,all,18201.000000000,,,2,2024
MDV,2024-07-01,all,16.000000000,,,2,2024
NPL,2024-07-01,all,8528.000000000,,,2,2024
PNG,2024-07-01,all,3616.000000000,,,2,2024
SYR,2024-07-01,all,1442.000000000,,,2,2024
AFG,2024-07-01,female,164916.000000000,,,2,2024
AIA,2024-04-01,female,0.000000000,,,1,2024
AUS,2024-04-01,female,522654.000000000,,,1,2024
AUS,2024-07-01,female,1107435.000000000,,,2,2024
BTN,2024-07-01,female,67.000000000,,,2,2024
CYM,2024-07-01,female,43.000000000,,,2,2024
HKG,2024-07-01,female,79688.000000000,,,2,2024
MAC,2024-04-01,female,7410.000000000,,,1,2024
MAC,2024-07-01,female,8751.000000000,,,2,2024
MDV,2024-07-01,female,4.000000000,,,2,2024
PNG,2024-07-01,female,1376.000000000,,,2,2024
SYR,2024-07-01,female,700.000000000,,,2,2024
AFG,2024-07-01,male,153957.000000000,,,2,2024
AIA,2024-04-01,male,0.000000000,,,1,2024
AUS,2024-04-01,male,428987.000000000,,,1,2024
AUS,2024-07-01,male,908679.000000000,,,2,2024
BTN,2024-07-01,male,55.000000000,,,2,2024
CYM,2024-07-01,male,43.000000000,,,2,2024
HKG,2024-07-01,male,80754.000000000,,,2,2024
MAC,2024-04-01,male,8020.000000000,,,1,2024
MAC,2024-07-01,male,9450.000000000,,,2,2024
MDV,2024-07-01,male,12.000000000,,,2,2024
PNG,2024-07-01,male,2240.000000000,,,2,2024
SYR,2024-07-01,male,742.000000000,,,2,2024
AFG,2024-10-01,ad_chronic,13987.000000000,,,3,2024
AIA,2024-07-01,ad_chronic,0.000000000,,,2,2024
AIA,2024-10-01,ad_chronic,0.000000000,,,3,2024
AND,2024-10-01,ad_chronic,62.000000000,,,3,2024
ATG,2024-10-01,ad_chronic,0.000000000,,,3,2024
BLZ,2024-10-01,ad_chronic,0.000000000,,,3,2024
BRA,2024-07-01,ad_chronic,267936.000000000,,,2,2024
BRA,2024-10-01,ad_chronic,392592.000000000,,,3,2024
CAF,2024-10-01,ad_chronic,0.000000000,,,3,2024
CHL,2024-10-01,ad_chronic,512085.000000000,,,3,2024
CYM,2024-10-01,ad_chronic,162.000000000,,,3,2024
CYP,2024-10-01,ad_chronic,49.000000000,,,3,2024
CYP,2025-01-01,ad_chronic,173.000000000,,,4,2024
CZE,2024-10-01,ad_chronic,2354.000000000,,,3,2024
DMA,2024-10-01,ad_chronic,0.000000000,,,3,2024
ESP,2024-10-01,ad_chronic,43144.000000000,,,3,2024
GBR,2024-10-01,ad_chronic,1960448.000000000,,,3,2024
HKG,2024-10-01,ad_chronic,1483.000000000,,,3,2024
HND,2024-10-01,ad_chronic,1185.000000000,,,3,2024
IDN,2024-10-01,ad_chronic,1.000000000,,,3,2024
IRL,2024-10-01,ad_chronic,3754.000000000,,,3,2024
LCA,2024-10-01,ad_chronic,0.000000000,,,3,2024
LSO,2024-10-01,ad_chronic,259.000000000,,,3,2024
LVA,2024-10-01,ad_chronic,215.000000000,,,3,2024
MDG,2024-10-01,ad_chronic,8327.000000000,,,3,2024
MEX,2024-07-01,ad_chronic,200159.000000000,,,2,2024
MEX,2024-10-01,ad_chronic,1359241.000000000,,,3,2024
MNE,2024-10-01,ad_chronic,22.000000000,,,3,2024
NGA,2024-10-01,ad_chronic,0.000000000,,,3,2024
OMN,2024-10-01,ad_chronic,4.000000000,,,3,2024
PAN,2024-10-01,ad_chronic,1149.000000000,,,3,2024
PER,2024-07-01,ad_chronic,32233.000000000,,,2,2024
PER,2024-10-01,ad_chronic,34375.000000000,,,3,2024
PNG,2024-10-01,ad_chronic,71.000000000,,,3,2024
PRT,2024-10-01,ad_chronic,14282.000000000,,,3,2024
PRY,2024-10-01,ad_chronic,30231.000000000,,,3,2024
SEN,2024-10-01,ad_chronic,669.000000000,,,3,2024
SLV,2024-10-01,ad_chronic,1503.000000000,,,3,2024
SMR,2024-10-01,ad_chronic,13.000000000,,,3,2024
SUR,2024-10-01,ad_chronic,0.000000000,,,3,2024
SYR,2024-10-01,ad_chronic,2438.000000000,,,3,2024
URY,2024-10-01,ad_chronic,41722.000000000,,,3,2024
ZMB,2024-10-01,ad_chronic,1554.000000000,,,3,2024
AFG,2024-10-01,hcw,1867.000000000,0.001871644,997519.000000000,3,2024
AIA,2024-07-01,hcw,0.000000000,,,2,2024
AIA,2024-10-01,hcw,0.000000000,,,3,2024
ALB,2024-10-01,hcw,164.000000000,0.004457612,36791.000000000,3,2024
AND,2024-10-01,hcw,0.000000000,0.000000000,3893.000000000,3,2024
ATG,2024-10-01,hcw,0.000000000,0.000000000,4896.000000000,3,2024
AUS,2024-10-01,hcw,81674.000000000,0.045561093,1792626.000000000,3,2024
BEL,2024-10-01,hcw,483.000000000,0.000663972,727440.000000000,3,2024
BGR,2024-10-01,hcw,103.000000000,0.000625573,164649.000000000,3,2024
BLZ,2024-10-01,hcw,0.000000000,0.000000000,4413.000000000,3,2024
BRA,2024-07-01,hcw,464281.000000000,0.096090113,4831725.000000000,2,2024
BRA,2024-10-01,hcw,630787.000000000,0.130551097,4831725.000000000,3,2024
CAF,2024-10-01,hcw,0.000000000,0.000000000,8672.000000000,3,2024
CHL,2024-10-01,hcw,161808.000000000,0.319813418,505945.000000000,3,2024
CYM,2024-10-01,hcw,30.000000000,,,3,2024
CYP,2024-10-01,hcw,24.000000000,0.000827130,29016.000000000,3,2024
CYP,2025-01-01,hcw,71.000000000,0.002446926,29016.000000000,4,2024
CZE,2024-10-01,hcw,1229.000000000,0.003262058,376756.000000000,3,2024
DMA,2024-10-01,hcw,0.000000000,0.000000000,1440.000000000,3,2024
ESP,2024-10-01,hcw,20839.000000000,0.012525161,1663771.000000000,3,2024
FRA,2024-10-01,hcw,2548.000000000,0.000613585,4152645.000000000,3,2024
GBR,2024-10-01,hcw,104114.000000000,0.023225408,4482763.000000000,3,2024
GRC,2024-10-01,hcw,4415.000000000,0.017817435,247791.000000000,3,2024
HKG,2024-10-01,hcw,2154.000000000,,,3,2024
HND,2024-10-01,hcw,1622.000000000,0.020069538,80819.000000000,3,2024
IDN,2024-10-01,hcw,4425.000000000,0.002447510,1807960.000000000,3,2024
IRL,2024-10-01,hcw,2296.000000000,0.007966524,288206.000000000,3,2024
JAM,2024-04-01,hcw,30.000000000,0.000785299,38202.000000000,1,2024
LCA,2024-10-01,hcw,0.000000000,0.000000000,740.000000000,3,2024
LSO,2024-10-01,hcw,17.000000000,0.001053088,16143.000000000,3,2024
LVA,2024-10-01,hcw,165.000000000,0.002915658,56591.000000000,3,2024
MAC,2024-10-01,hcw,217.000000000,,,3,2024
MDA,2024-10-01,hcw,202.000000000,0.002756249,73288.000000000,3,2024
MDG,2024-10-01,hcw,573.000000000,0.007147669,80166.000000000,3,2024
MEX,2024-07-01,hcw,12937.000000000,0.008087323,1599664.000000000,2,2024
MEX,2024-10-01,hcw,117260.000000000,0.073302894,1599664.000000000,3,2024
MNE,2024-10-01,hcw,5.000000000,0.000387447,12905.000000000,3,2024
NGA,2024-10-01,hcw,867.000000000,0.000781489,1109420.000000000,3,2024
NOR,2024-10-01,hcw,94.000000000,0.000166577,564302.000000000,3,2024
NOR,2025-01-01,hcw,4487.000000000,0.007951416,564302.000000000,4,2024
OMN,2024-10-01,hcw,9.000000000,0.000090089,99901.000000000,3,2024
PAN,2024-10-01,hcw,1527.000000000,0.014893493,102528.000000000,3,2024
PER,2024-07-01,hcw,28732.000000000,0.073853209,389042.000000000,2,2024
PER,2024-10-01,hcw,29779.000000000,0.076544435,389042.000000000,3,2024
PNG,2024-10-01,hcw,122.000000000,0.008536244,14292.000000000,3,2024
PRT,2024-10-01,hcw,4770.000000000,0.010329930,461765.000000000,3,2024
PRY,2024-10-01,hcw,14813.000000000,0.114525831,129342.000000000,3,2024
SEN,2024-10-01,hcw,4.000000000,0.000061041,65530.000000000,3,2024
SLV,2024-10-01,hcw,1439.000000000,0.021206360,67857.000000000,3,2024
SMR,2024-10-01,hcw,0.000000000,0.000000000,1697.000000000,3,2024
SUR,2024-10-01,hcw,0.000000000,0.000000000,8081.000000000,3,2024
SYR,2024-10-01,hcw,1940.000000000,0.010227752,189680.000000000,3,2024
ZMB,2024-10-01,hcw,216.000000000,0.002282888,94617.000000000,3,2024
AFG,2024-10-01,old,36931.000000000,0.010213566,3615877.000000000,3,2024
AIA,2024-07-01,old,0.000000000,0.000000000,2705.000000000,2,2024
AIA,2024-10-01,old,0.000000000,0.000000000,2705.000000000,3,2024
ALB,2024-10-01,old,1332.000000000,0.002027434,656988.000000000,3,2024
AND,2024-10-01,old,123.000000000,0.006480164,18981.000000000,3,2024
ATG,2024-10-01,old,0.000000000,0.000000000,16584.000000000,3,2024
AUS,2024-10-01,old,852780.000000000,0.390455591,2184064.000000000,3,2024
BEL,2024-10-01,old,6051.000000000,0.002507382,2413274.000000000,3,2024
BGR,2024-10-01,old,3829.000000000,0.001979380,1934444.000000000,3,2024
BRA,2024-07-01,old,2118295.000000000,0.062004697,34163460.000000000,2,2024
BRA,2024-10-01,old,3103867.000000000,0.090853415,34163460.000000000,3,2024
CAF,2024-10-01,old,0.000000000,0.000000000,194488.000000000,3,2024
CHL,2024-10-01,old,950204.000000000,0.245444305,3871363.000000000,3,2024
CRI,2024-10-01,old,15074.000000000,0.016758926,899461.000000000,3,2024
CYM,2024-10-01,old,330.000000000,0.030581040,10791.000000000,3,2024
CYP,2024-10-01,old,6578.000000000,0.024227379,271511.000000000,3,2024
CYP,2025-01-01,old,11856.000000000,0.043666739,271511.000000000,4,2024
CZE,2024-10-01,old,15467.000000000,0.005427555,2849718.000000000,3,2024
DEU,2024-10-01,old,247453.000000000,0.009441278,26209692.000000000,3,2024
DMA,2024-10-01,old,0.000000000,0.000000000,12494.000000000,3,2024
DNK,2024-10-01,old,12377.000000000,0.009923336,1247262.000000000,3,2024
ESP,2024-10-01,old,379873.000000000,0.028212103,13464895.000000000,3,2024
EST,2024-10-01,old,6447.000000000,0.017108919,376821.000000000,3,2024
FIN,2024-10-01,old,48752.000000000,0.028559277,1707046.000000000,3,2024
FRA,2024-10-01,old,237397.000000000,0.012551556,18913751.000000000,3,2024
GBR,2024-10-01,old,7527588.000000000,0.558352059,13481795.000000000,3,2024
GRC,2024-10-01,old,141399.000000000,0.045883917,3081668.000000000,3,2024
HKG,2024-10-01,old,170563.000000000,0.049327856,3457742.000000000,3,2024
HND,2024-10-01,old,24739.000000000,0.033580013,736718.000000000,3,2024
HTI,2024-10-01,old,2051.000000000,0.002376043,863200.000000000,3,2024
HUN,2024-10-01,old,36127.000000000,0.014031985,2574618.000000000,3,2024
IDN,2024-10-01,old,41.000000000,0.000001259,32573758.000000000,3,2024
IRL,2024-10-01,old,363851.000000000,0.323547353,1124568.000000000,3,2024
ISL,2024-10-01,old,1613.000000000,0.019428117,83024.000000000,3,2024
ITA,2024-10-01,old,230794.000000000,0.012134016,19020413.000000000,3,2024
JAM,2024-04-01,old,248.000000000,0.000672953,368525.000000000,1,2024
LCA,2024-10-01,old,0.000000000,0.000000000,17291.000000000,3,2024
LSO,2024-10-01,old,195.000000000,0.001433118,136067.000000000,3,2024
LTU,2024-10-01,old,885.000000000,0.001127713,784774.000000000,3,2024
LUX,2024-10-01,old,1895.000000000,0.013072842,144957.000000000,3,2024
LVA,2024-10-01,old,4237.000000000,0.007851269,539658.000000000,3,2024
MAC,2024-10-01,old,14598.000000000,0.142032906,102779.000000000,3,2024
MDA,2024-10-01,old,547.000000000,0.000782965,698626.000000000,3,2024
MDG,2024-10-01,old,2110.000000000,0.000595050,3545921.000000000,3,2024
MEX,2024-07-01,old,221659.000000000,0.013894129,15953429.000000000,2,2024
MEX,2024-10-01,old,1480479.000000000,0.092800049,15953429.000000000,3,2024
MNE,2024-10-01,old,4.000000000,0.000035129,113865.000000000,3,2024
NGA,2024-10-01,old,26863.000000000,0.001128356,23807198.000000000,3,2024
NLD,2024-10-01,old,2760.000000000,0.000554579,4976747.000000000,3,2024
NLD,2025-01-01,old,2340342.000000000,0.470255370,4976747.000000000,4,2024
NOR,2024-10-01,old,11497.000000000,0.008382805,1371498.000000000,3,2024
NOR,2025-01-01,old,573067.000000000,0.417840201,1371498.000000000,4,2024
OMN,2024-10-01,old,5.000000000,0.000021975,227535.000000000,3,2024
PAN,2024-10-01,old,2074.000000000,0.003399682,610057.000000000,3,2024
PER,2024-07-01,old,226815.000000000,0.051009657,4446511.000000000,2,2024
PER,2024-10-01,old,241055.000000000,0.054212168,4446511.000000000,3,2024
PNG,2024-10-01,old,906.000000000,0.000640080,1415449.000000000,3,2024
POL,2024-10-01,old,268634.000000000,0.026538728,10122339.000000000,3,2024
PRT,2024-10-01,old,202072.000000000,0.061484348,3286560.000000000,3,2024
PRY,2024-10-01,old,53741.000000000,0.078238829,686884.000000000,3,2024
ROU,2024-10-01,old,2351.000000000,0.000487881,4818801.000000000,3,2024
SEN,2024-10-01,old,64.000000000,0.000062026,1031822.000000000,3,2024
SLV,2024-10-01,old,3224.000000000,0.004372367,737358.000000000,3,2024
SMR,2024-10-01,old,8.000000000,0.000779879,10258.000000000,3,2024
SUR,2024-10-01,old,0.000000000,0.000000000,77667.000000000,3,2024
SVN,2024-10-01,old,3354.000000000,0.007270804,461297.000000000,3,2024
SWE,2024-10-01,old,1756284.000000000,0.626967301,2801237.000000000,3,2024
SYR,2024-10-01,old,2772.000000000,0.001039382,2666969.000000000,3,2024
UKR,2024-10-01,old,19433.000000000,0.001954401,9943198.000000000,3,2024
URY,2024-10-01,old,84031.000000000,0.115696096,726308.000000000,3,2024
ZMB,2024-10-01,old,107.000000000,0.000150188,712440.000000000,3,2024
AIA,2024-07-01,other,0.000000000,,,2,2024
AIA,2024-10-01,other,0.000000000,,,3,2024
BLZ,2024-10-01,other,1073.000000000,,,3,2024
BRA,2024-07-01,other,285065.000000000,,,2,2024
BRA,2024-10-01,other,544011.000000000,,,3,2024
CAF,2024-10-01,other,0.000000000,,,3,2024
CHL,2024-10-01,other,174435.000000000,,,3,2024
COL,2024-10-01,other,1963.000000000,,,3,2024
DMA,2024-10-01,other,0.000000000,,,3,2024
GBR,2024-10-01,other,77685.000000000,,,3,2024
HND,2024-10-01,other,95483.000000000,,,3,2024
IDN,2024-10-01,other,3076.000000000,,,3,2024
JAM,2024-04-01,other,2222.000000000,,,1,2024
LCA,2024-10-01,other,0.000000000,,,3,2024
MDG,2024-10-01,other,47080.000000000,,,3,2024
MEX,2024-07-01,other,324352.000000000,,,2,2024
MEX,2024-10-01,other,1307994.000000000,,,3,2024
MNE,2024-10-01,other,92.000000000,,,3,2024
NGA,2024-10-01,other,59288.000000000,,,3,2024
OMN,2024-10-01,other,56.000000000,,,3,2024
PAN,2024-10-01,other,4149.000000000,,,3,2024
PRY,2024-10-01,other,102530.000000000,,,3,2024
SMR,2024-10-01,other,54.000000000,,,3,2024
SUR,2024-10-01,other,0.000000000,,,3,2024
AIA,2024-07-01,pw,0.000000000,,,2,2024
AIA,2024-10-01,pw,0.000000000,,,3,2024
ALB,2024-10-01,pw,18.000000000,,,3,2024
ATG,2024-10-01,pw,0.000000000,,,3,2024
BLZ,2024-10-01,pw,0.000000000,,,3,2024
BRA,2024-07-01,pw,65432.000000000,,,2,2024
BRA,2024-10-01,pw,128078.000000000,,,3,2024
CAF,2024-10-01,pw,0.000000000,,,3,2024
CHL,2024-10-01,pw,9192.000000000,,,3,2024
COL,2024-10-01,pw,0.000000000,,,3,2024
CUB,2024-10-01,pw,12114.000000000,,,3,2024
CYM,2024-10-01,pw,2.000000000,,,3,2024
CYP,2024-10-01,pw,0.000000000,,,3,2024
CYP,2025-01-01,pw,2.000000000,,,4,2024
DMA,2024-10-01,pw,0.000000000,,,3,2024
ESP,2024-10-01,pw,1819.000000000,,,3,2024
GBR,2024-10-01,pw,8018.000000000,,,3,2024
HKG,2024-10-01,pw,154.000000000,,,3,2024
HND,2024-10-01,pw,9485.000000000,,,3,2024
IRL,2024-10-01,pw,2419.000000000,,,3,2024
LCA,2024-10-01,pw,0.000000000,,,3,2024
LSO,2024-10-01,pw,29.000000000,,,3,2024
LVA,2024-10-01,pw,39.000000000,,,3,2024
MDG,2024-10-01,pw,1200.000000000,,,3,2024
MEX,2024-07-01,pw,15926.000000000,,,2,2024
MEX,2024-10-01,pw,103801.000000000,,,3,2024
NGA,2024-10-01,pw,0.000000000,,,3,2024
OMN,2024-10-01,pw,0.000000000,,,3,2024
PAN,2024-10-01,pw,172.000000000,,,3,2024
PER,2024-07-01,pw,6213.000000000,,,2,2024
PER,2024-10-01,pw,6453.000000000,,,3,2024
PRT,2024-10-01,pw,1830.000000000,,,3,2024
PRY,2024-10-01,pw,1844.000000000,,,3,2024
SLV,2024-10-01,pw,441.000000000,,,3,2024
SMR,2024-10-01,pw,0.000000000,,,3,2024
SUR,2024-10-01,pw,0.000000000,,,3,2024
URY,2024-10-01,pw,1674.000000000,,,3,2024
ZMB,2024-10-01,pw,754.000000000,,,3,2024
AFG,2024-10-01,all,13987.000000000,,,3,2024
AIA,2024-07-01,all,0.000000000,,,2,2024
AIA,2024-10-01,all,0.000000000,,,3,2024
ALB,2024-10-01,all,3035.000000000,,,3,2024
AND,2024-10-01,all,185.000000000,,,3,2024
ATG,2024-10-01,all,0.000000000,,,3,2024
AUS,2024-10-01,all,2355738.000000000,,,3,2024
AUT,2024-10-01,all,138145.000000000,,,3,2024
BEL,2024-10-01,all,10224.000000000,,,3,2024
BGD,2024-10-01,all,2759.000000000,,,3,2024
BGR,2024-10-01,all,2440.000000000,,,3,2024
BLZ,2024-10-01,all,1073.000000000,,,3,2024
BRA,2024-07-01,all,8646883.000000000,,,2,2024
BRA,2024-10-01,all,11049258.000000000,,,3,2024
BRB,2024-10-01,all,0.000000000,,,3,2024
CAF,2024-10-01,all,0.000000000,,,3,2024
CHL,2024-10-01,all,1807724.000000000,,,3,2024
COL,2024-10-01,all,740358.000000000,,,3,2024
CRI,2024-10-01,all,69648.000000000,,,3,2024
CUB,2024-10-01,all,351448.000000000,,,3,2024
CYM,2024-10-01,all,705.000000000,,,3,2024
CYP,2024-10-01,all,7743.000000000,,,3,2024
CYP,2025-01-01,all,13757.000000000,,,4,2024
CZE,2024-10-01,all,21314.000000000,,,3,2024
DEU,2024-10-01,all,295744.000000000,,,3,2024
DMA,2024-10-01,all,0.000000000,,,3,2024
DNK,2024-10-01,all,7789.000000000,,,3,2024
ESP,2024-10-01,all,572389.000000000,,,3,2024
EST,2024-10-01,all,3836.000000000,,,3,2024
ETH,2024-10-01,all,500664.000000000,,,3,2024
FIN,2024-10-01,all,61842.000000000,,,3,2024
FRA,2024-10-01,all,286571.000000000,,,3,2024
GBR,2024-10-01,all,10384179.000000000,,,3,2024
GRC,2024-10-01,all,168767.000000000,,,3,2024
GTM,2024-10-01,all,4285.000000000,,,3,2024
HKG,2024-10-01,all,178249.000000000,,,3,2024
HND,2024-10-01,all,132514.000000000,,,3,2024
HTI,2024-10-01,all,9446.000000000,,,3,2024
HUN,2024-10-01,all,20189.000000000,,,3,2024
IDN,2024-10-01,all,3127.000000000,,,3,2024
IRL,2024-10-01,all,189729.000000000,,,3,2024
ISL,2024-10-01,all,930.000000000,,,3,2024
ITA,2024-10-01,all,0.000000000,,,3,2024
JAM,2024-04-01,all,4088.000000000,,,1,2024
KAZ,2024-10-01,all,3773.000000000,,,3,2024
LCA,2024-10-01,all,0.000000000,,,3,2024
LIE,2024-10-01,all,49.000000000,,,3,2024
LSO,2024-10-01,all,8200.000000000,,,3,2024
LTU,2024-10-01,all,0.000000000,,,3,2024
LUX,2024-10-01,all,1115.000000000,,,3,2024
LVA,2024-10-01,all,2405.000000000,,,3,2024
MAC,2024-10-01,all,18997.000000000,,,3,2024
MDA,2024-10-01,all,648.000000000,,,3,2024
MDG,2024-10-01,all,59290.000000000,,,3,2024
MEX,2024-07-01,all,775033.000000000,,,2,2024
MEX,2024-10-01,all,4368775.000000000,,,3,2024
MNE,2024-10-01,all,123.000000000,,,3,2024
NGA,2024-10-01,all,87018.000000000,,,3,2024
NLD,2024-10-01,all,4871.000000000,,,3,2024
NLD,2025-01-01,all,2531810.000000000,,,4,2024
NOR,2024-10-01,all,16253.000000000,,,3,2024
NOR,2025-01-01,all,653282.000000000,,,4,2024
NPL,2024-10-01,all,8528.000000000,,,3,2024
OMN,2024-10-01,all,74.000000000,,,3,2024
PAN,2024-10-01,all,9071.000000000,,,3,2024
PER,2024-07-01,all,356073.000000000,,,2,2024
PER,2024-10-01,all,419789.000000000,,,3,2024
PNG,2024-10-01,all,5072.000000000,,,3,2024
POL,2024-10-01,all,366594.000000000,,,3,2024
PRT,2024-10-01,all,365138.000000000,,,3,2024
PRY,2024-10-01,all,203159.000000000,,,3,2024
ROU,2024-10-01,all,1727.000000000,,,3,2024
SEN,2024-10-01,all,737.000000000,,,3,2024
SLV,2024-10-01,all,25548.000000000,,,3,2024
SMR,2024-10-01,all,75.000000000,,,3,2024
SUR,2024-10-01,all,0.000000000,,,3,2024
SVN,2024-10-01,all,1882.000000000,,,3,2024
SWE,2024-10-01,all,0.000000000,,,3,2024
SYR,2024-10-01,all,18461.000000000,,,3,2024
UKR,2024-10-01,all,53906.000000000,,,3,2024
URY,2024-10-01,all,111174.000000000,,,3,2024
ZMB,2024-10-01,all,16784.000000000,,,3,2024
AFG,2024-10-01,female,7563.000000000,,,3,2024
AIA,2024-07-01,female,0.000000000,,,2,2024
AIA,2024-10-01,female,0.000000000,,,3,2024
ATG,2024-10-01,female,0.000000000,,,3,2024
AUS,2024-10-01,female,1296185.000000000,,,3,2024
AUT,2024-10-01,female,73873.000000000,,,3,2024
BGD,2024-10-01,female,1425.000000000,,,3,2024
BRA,2024-07-01,female,395797.000000000,,,2,2024
BRA,2024-10-01,female,596350.000000000,,,3,2024
BRB,2024-10-01,female,0.000000000,,,3,2024
CAF,2024-10-01,female,0.000000000,,,3,2024
CHL,2024-10-01,female,1028894.000000000,,,3,2024
COL,2024-10-01,female,395667.000000000,,,3,2024
CRI,2024-10-01,female,36228.000000000,,,3,2024
CYM,2024-10-01,female,353.000000000,,,3,2024
DMA,2024-10-01,female,0.000000000,,,3,2024
GBR,2024-10-01,female,4902687.000000000,,,3,2024
GTM,2024-10-01,female,2729.000000000,,,3,2024
HKG,2024-10-01,female,88535.000000000,,,3,2024
HTI,2024-10-01,female,5185.000000000,,,3,2024
IDN,2024-10-01,female,1366.000000000,,,3,2024
JAM,2024-04-01,female,1208.000000000,,,1,2024
LCA,2024-10-01,female,0.000000000,,,3,2024
LSO,2024-10-01,female,4306.000000000,,,3,2024
MAC,2024-10-01,female,9109.000000000,,,3,2024
MDG,2024-10-01,female,33202.000000000,,,3,2024
NGA,2024-10-01,female,47284.000000000,,,3,2024
OMN,2024-10-01,female,25.000000000,,,3,2024
PNG,2024-10-01,female,1784.000000000,,,3,2024
PRY,2024-10-01,female,115371.000000000,,,3,2024
SEN,2024-10-01,female,427.000000000,,,3,2024
SLV,2024-10-01,female,13772.000000000,,,3,2024
SMR,2024-10-01,female,43.000000000,,,3,2024
SUR,2024-10-01,female,0.000000000,,,3,2024
SYR,2024-10-01,female,9500.000000000,,,3,2024
URY,2024-10-01,female,64180.000000000,,,3,2024
ZMB,2024-10-01,female,9823.000000000,,,3,2024
AFG,2024-10-01,male,6424.000000000,,,3,2024
AIA,2024-07-01,male,0.000000000,,,2,2024
AIA,2024-10-01,male,0.000000000,,,3,2024
ATG,2024-10-01,male,0.000000000,,,3,2024
AUS,2024-10-01,male,1055979.000000000,,,3,2024
AUT,2024-10-01,male,64252.000000000,,,3,2024
BGD,2024-10-01,male,1334.000000000,,,3,2024
BRA,2024-07-01,male,261856.000000000,,,2,2024
BRA,2024-10-01,male,446533.000000000,,,3,2024
BRB,2024-10-01,male,0.000000000,,,3,2024
CAF,2024-10-01,male,0.000000000,,,3,2024
CHL,2024-10-01,male,778816.000000000,,,3,2024
COL,2024-10-01,male,342728.000000000,,,3,2024
CRI,2024-10-01,male,36416.000000000,,,3,2024
CYM,2024-10-01,male,352.000000000,,,3,2024
DMA,2024-10-01,male,0.000000000,,,3,2024
GBR,2024-10-01,male,4225648.000000000,,,3,2024
GTM,2024-10-01,male,1556.000000000,,,3,2024
HKG,2024-10-01,male,89714.000000000,,,3,2024
HTI,2024-10-01,male,4231.000000000,,,3,2024
IDN,2024-10-01,male,1903.000000000,,,3,2024
JAM,2024-04-01,male,1263.000000000,,,1,2024
LCA,2024-10-01,male,0.000000000,,,3,2024
LSO,2024-10-01,male,3394.000000000,,,3,2024
MAC,2024-10-01,male,9888.000000000,,,3,2024
MDG,2024-10-01,male,26088.000000000,,,3,2024
NGA,2024-10-01,male,39734.000000000,,,3,2024
OMN,2024-10-01,male,49.000000000,,,3,2024
PNG,2024-10-01,male,3288.000000000,,,3,2024
PRY,2024-10-01,male,87788.000000000,,,3,2024
SEN,2024-10-01,male,310.000000000,,,3,2024
SLV,2024-10-01,male,11776.000000000,,,3,2024
SMR,2024-10-01,male,32.000000000,,,3,2024
SUR,2024-10-01,male,0.000000000,,,3,2024
SYR,2024-10-01,male,8961.000000000,,,3,2024
URY,2024-10-01,male,46944.000000000,,,3,2024
ZMB,2024-10-01,male,6961.000000000,,,3,2024
CZE,2025-01-01,ad_chronic,28317.000000000,,,4,2024
ESP,2025-01-01,ad_chronic,168128.000000000,,,4,2024
IRL,2025-01-01,ad_chronic,48345.000000000,,,4,2024
LVA,2025-01-01,ad_chronic,1731.000000000,,,4,2024
PRT,2025-01-01,ad_chronic,166100.000000000,,,4,2024
AFG,2025-01-01,ad_chronic,73014.000000000,,,4,2024
AIA,2025-01-01,ad_chronic,0.000000000,,,4,2024
ALB,2025-01-01,ad_chronic,209.000000000,,,4,2024
ARG,2025-01-01,ad_chronic,421675.000000000,,,4,2024
BEN,2025-01-01,ad_chronic,4342.000000000,,,4,2024
BFA,2025-01-01,ad_chronic,344.000000000,,,4,2024
BHR,2025-01-01,ad_chronic,86.000000000,,,4,2024
BLR,2025-01-01,ad_chronic,22092.000000000,,,4,2024
BMU,2025-01-01,ad_chronic,978.000000000,,,4,2024
BOL,2025-01-01,ad_chronic,65977.000000000,,,4,2024
BON,2025-01-01,ad_chronic,229.000000000,,,4,2024
BRA,2025-01-01,ad_chronic,543757.000000000,,,4,2024
BWA,2025-01-01,ad_chronic,0.000000000,,,4,2024
CAF,2025-01-01,ad_chronic,41123.000000000,,,4,2024
CHL,2025-01-01,ad_chronic,532951.000000000,,,4,2024
CIV,2025-01-01,ad_chronic,1113.000000000,,,4,2024
CMR,2025-01-01,ad_chronic,1474.000000000,,,4,2024
CYM,2025-01-01,ad_chronic,232.000000000,,,4,2024
ECU,2025-01-01,ad_chronic,45032.000000000,,,4,2024
ETH,2025-01-01,ad_chronic,6414.000000000,,,4,2024
GTM,2025-01-01,ad_chronic,1699.000000000,,,4,2024
HKG,2025-01-01,ad_chronic,1682.000000000,,,4,2024
HND,2025-01-01,ad_chronic,1185.000000000,,,4,2024
IDN,2025-01-01,ad_chronic,3077.000000000,,,4,2024
KOR,2025-01-01,ad_chronic,10249.000000000,,,4,2024
MEX,2025-01-01,ad_chronic,1978345.000000000,,,4,2024
MNE,2025-01-01,ad_chronic,21.000000000,,,4,2024
MSR,2025-01-01,ad_chronic,0.000000000,,,4,2024
MWI,2025-01-01,ad_chronic,28804.000000000,,,4,2024
PAN,2025-01-01,ad_chronic,1393.000000000,,,4,2024
PER,2025-01-01,ad_chronic,46887.000000000,,,4,2024
PRY,2025-01-01,ad_chronic,30505.000000000,,,4,2024
SAU,2025-01-01,ad_chronic,7510.000000000,,,4,2024
SLV,2025-01-01,ad_chronic,1539.000000000,,,4,2024
SRB,2025-01-01,ad_chronic,33.000000000,,,4,2024
SYR,2025-01-01,ad_chronic,2438.000000000,,,4,2024
URY,2025-01-01,ad_chronic,39288.000000000,,,4,2024
VGB,2025-01-01,ad_chronic,0.000000000,,,4,2024
YEM,2025-01-01,ad_chronic,3411.000000000,,,4,2024
ZMB,2025-01-01,ad_chronic,188.000000000,,,4,2024
BEL,2025-01-01,hcw,88787.000000000,0.122054053,727440.000000000,4,2024
BGR,2025-01-01,hcw,1373.000000000,0.008338951,164649.000000000,4,2024
CZE,2025-01-01,hcw,20114.000000000,0.053387338,376756.000000000,4,2024
ESP,2025-01-01,hcw,148797.000000000,0.089433582,1663771.000000000,4,2024
FRA,2025-01-01,hcw,2548.000000000,0.000613585,4152645.000000000,4,2024
GRC,2025-01-01,hcw,7231.000000000,0.029181851,247791.000000000,4,2024
IRL,2025-01-01,hcw,23806.000000000,0.082600640,288206.000000000,4,2024
LVA,2025-01-01,hcw,1896.000000000,0.033503561,56591.000000000,4,2024
MDA,2025-01-01,hcw,202.000000000,0.002756249,73288.000000000,4,2024
PRT,2025-01-01,hcw,118727.000000000,0.257115632,461765.000000000,4,2024
AFG,2025-01-01,hcw,12565.000000000,0.012596251,997519.000000000,4,2024
AIA,2025-01-01,hcw,0.000000000,,,4,2024
ALB,2025-01-01,hcw,184.000000000,0.005001223,36791.000000000,4,2024
ARG,2025-01-01,hcw,88939.000000000,0.076674989,1159948.000000000,4,2024
AUS,2025-01-01,hcw,87671.000000000,0.048906465,1792626.000000000,4,2024
BFA,2025-01-01,hcw,148.000000000,0.002597038,56988.000000000,4,2024
BHR,2025-01-01,hcw,49.000000000,0.009662788,5071.000000000,4,2024
BLR,2025-01-01,hcw,22728.000000000,0.058881439,385996.000000000,4,2024
BMU,2025-01-01,hcw,145.000000000,,,4,2024
BRA,2025-01-01,hcw,700980.000000000,0.145078621,4831725.000000000,4,2024
BWA,2025-01-01,hcw,0.000000000,0.000000000,23610.000000000,4,2024
CAF,2025-01-01,hcw,35916.000000000,4.141605166,8672.000000000,4,2024
CHL,2025-01-01,hcw,178628.000000000,0.353058139,505945.000000000,4,2024
CIV,2025-01-01,hcw,19.000000000,0.000171573,110740.000000000,4,2024
CMR,2025-01-01,hcw,157.000000000,0.000841728,186521.000000000,4,2024
CYM,2025-01-01,hcw,49.000000000,,,4,2024
ECU,2025-01-01,hcw,55727.000000000,0.267133564,208611.000000000,4,2024
ETH,2025-01-01,hcw,15974.000000000,0.038364916,416370.000000000,4,2024
GEO,2025-01-01,hcw,0.000000000,0.000000000,75607.000000000,4,2024
GMB,2025-01-01,hcw,130.000000000,0.023074192,5634.000000000,4,2024
GTM,2025-01-01,hcw,11146.000000000,0.088480682,125971.000000000,4,2024
HKG,2025-01-01,hcw,2288.000000000,,,4,2024
HND,2025-01-01,hcw,1724.000000000,0.021331618,80819.000000000,4,2024
IDN,2025-01-01,hcw,4425.000000000,0.002447510,1807960.000000000,4,2024
JAM,2025-01-01,hcw,65.000000000,0.001701482,38202.000000000,4,2024
MAC,2025-01-01,hcw,239.000000000,,,4,2024
MEX,2025-01-01,hcw,316498.000000000,0.197852799,1599664.000000000,4,2024
MSR,2025-01-01,hcw,0.000000000,,,4,2024
MWI,2025-01-01,hcw,1381.000000000,0.046783428,29519.000000000,4,2024
NGA,2025-01-01,hcw,867.000000000,0.000781489,1109420.000000000,4,2024
PAN,2025-01-01,hcw,1542.000000000,0.015039794,102528.000000000,4,2024
PER,2025-01-01,hcw,33479.000000000,0.086054976,389042.000000000,4,2024
PRY,2025-01-01,hcw,9468.000000000,0.073201280,129342.000000000,4,2024
SAU,2025-01-01,hcw,37049.000000000,0.049854335,743145.000000000,4,2024
SLV,2025-01-01,hcw,1550.000000000,0.022842153,67857.000000000,4,2024
SRB,2025-01-01,hcw,0.000000000,0.000000000,196066.000000000,4,2024
SYR,2025-01-01,hcw,1940.000000000,0.010227752,189680.000000000,4,2024
TJK,2025-01-01,hcw,0.000000000,0.000000000,90889.000000000,4,2024
TLS,2025-01-01,hcw,774163.000000000,135.366847351,5719.000000000,4,2024
VCT,2025-01-01,hcw,0.000000000,0.000000000,1014.000000000,4,2024
VGB,2025-01-01,hcw,0.000000000,,,4,2024
YEM,2025-01-01,hcw,1528.000000000,0.018204563,83935.000000000,4,2024
ZMB,2025-01-01,hcw,220.000000000,0.002325164,94617.000000000,4,2024
BEL,2025-01-01,old,1126538.000000000,0.466808991,2413274.000000000,4,2024
BGR,2025-01-01,old,68104.000000000,0.035205982,1934444.000000000,4,2024
CZE,2025-01-01,old,258319.000000000,0.090647215,2849718.000000000,4,2024
DEU,2025-01-01,old,247453.000000000,0.009441278,26209692.000000000,4,2024
DNK,2025-01-01,old,1569052.000000000,1.257997117,1247262.000000000,4,2024
ESP,2025-01-01,old,3440725.000000000,0.255532999,13464895.000000000,4,2024
EST,2025-01-01,old,56059.000000000,0.148768248,376821.000000000,4,2024
FIN,2025-01-01,old,2370496.000000000,1.388653850,1707046.000000000,4,2024
FRA,2025-01-01,old,237397.000000000,0.012551556,18913751.000000000,4,2024
GRC,2025-01-01,old,176747.000000000,0.057354329,3081668.000000000,4,2024
HUN,2025-01-01,old,39039.000000000,0.015163026,2574618.000000000,4,2024
IRL,2025-01-01,old,1303714.000000000,1.159302061,1124568.000000000,4,2024
ISL,2025-01-01,old,1613.000000000,0.019428117,83024.000000000,4,2024
ITA,2025-01-01,old,920404.000000000,0.048390327,19020413.000000000,4,2024
LTU,2025-01-01,old,6997.000000000,0.008915943,784774.000000000,4,2024
LUX,2025-01-01,old,1895.000000000,0.013072842,144957.000000000,4,2024
LVA,2025-01-01,old,42915.000000000,0.079522587,539658.000000000,4,2024
MDA,2025-01-01,old,547.000000000,0.000782965,698626.000000000,4,2024
POL,2025-01-01,old,625147.000000000,0.061759145,10122339.000000000,4,2024
PRT,2025-01-01,old,2693766.000000000,0.819630860,3286560.000000000,4,2024
ROU,2025-01-01,old,2351.000000000,0.000487881,4818801.000000000,4,2024
SVN,2025-01-01,old,35204.000000000,0.076315259,461297.000000000,4,2024
SWE,2025-01-01,old,3193094.000000000,1.139887128,2801237.000000000,4,2024
UKR,2025-01-01,old,19433.000000000,0.001954401,9943198.000000000,4,2024
AFG,2025-01-01,old,1935071.000000000,0.535159520,3615877.000000000,4,2024
AIA,2025-01-01,old,0.000000000,0.000000000,2705.000000000,4,2024
ALB,2025-01-01,old,1584.000000000,0.002411003,656988.000000000,4,2024
ARG,2025-01-01,old,677725.000000000,0.088033395,7698499.000000000,4,2024
ARM,2025-01-01,old,869.000000000,0.001430587,607443.000000000,4,2024
AUS,2025-01-01,old,915991.000000000,0.419397508,2184064.000000000,4,2024
BEN,2025-01-01,old,24251.000000000,0.033692614,719772.000000000,4,2024
BFA,2025-01-01,old,1837.000000000,0.000845979,2171449.000000000,4,2024
BHR,2025-01-01,old,227.000000000,0.002118605,107146.000000000,4,2024
BLR,2025-01-01,old,21459.000000000,0.009494998,2260032.000000000,4,2024
BLZ,2025-01-01,old,3.000000000,0.000089590,33486.000000000,4,2024
BMU,2025-01-01,old,649.000000000,0.033616492,19306.000000000,4,2024
BOL,2025-01-01,old,63069.000000000,0.059600997,1058187.000000000,4,2024
BON,2025-01-01,old,646.000000000,,,4,2024
BRA,2025-01-01,old,4705455.000000000,0.137733561,34163460.000000000,4,2024
BRB,2025-01-01,old,0.000000000,0.000000000,65931.000000000,4,2024
BWA,2025-01-01,old,0.000000000,0.000000000,154308.000000000,4,2024
CAF,2025-01-01,old,189570.000000000,0.974713093,194488.000000000,4,2024
CHL,2025-01-01,old,974543.000000000,0.251731238,3871363.000000000,4,2024
CIV,2025-01-01,old,90330.000000000,0.029458381,3066360.000000000,4,2024
CMR,2025-01-01,old,3078.000000000,0.001098590,2801773.000000000,4,2024
CYM,2025-01-01,old,484.000000000,0.044852192,10791.000000000,4,2024
ECU,2025-01-01,old,34566.000000000,0.022842469,1513234.000000000,4,2024
GBR,2025-01-01,old,6724528.000000000,0.498785807,13481795.000000000,4,2024
GEO,2025-01-01,old,0.000000000,0.000000000,837794.000000000,4,2024
GMB,2025-01-01,old,4716.000000000,0.033007412,142877.000000000,4,2024
HKG,2025-01-01,old,189963.000000000,0.054938454,3457742.000000000,4,2024
HND,2025-01-01,old,83460.000000000,0.113286223,736718.000000000,4,2024
IDN,2025-01-01,old,41.000000000,0.000001259,32573758.000000000,4,2024
JAM,2025-01-01,old,561.000000000,0.001522285,368525.000000000,4,2024
KEN,2025-01-01,old,45443.000000000,0.016726682,2716797.000000000,4,2024
KOR,2025-01-01,old,4840463.000000000,0.485609720,9967805.000000000,4,2024
LCA,2025-01-01,old,0.000000000,0.000000000,17291.000000000,4,2024
MAC,2025-01-01,old,15096.000000000,0.146878253,102779.000000000,4,2024
MDV,2025-01-01,old,2.000000000,0.000050633,39500.000000000,4,2024
MEX,2025-01-01,old,2783909.000000000,0.174502234,15953429.000000000,4,2024
MKD,2025-01-01,old,43.000000000,0.000130857,328604.000000000,4,2024
MLT,2025-01-01,old,22612.000000000,0.161122987,140340.000000000,4,2024
MMR,2025-01-01,old,1775207.000000000,0.285373370,6220647.000000000,4,2024
MNE,2025-01-01,old,4.000000000,0.000035129,113865.000000000,4,2024
MRT,2025-01-01,old,0.000000000,0.000000000,262030.000000000,4,2024
MSR,2025-01-01,old,0.000000000,0.000000000,1176.000000000,4,2024
MWI,2025-01-01,old,92873.000000000,0.107202303,866334.000000000,4,2024
NGA,2025-01-01,old,26863.000000000,0.001128356,23807198.000000000,4,2024
NZL,2025-01-01,old,334583.000000000,0.373174880,896585.000000000,4,2024
PAN,2025-01-01,old,2454.000000000,0.004022575,610057.000000000,4,2024
PER,2025-01-01,old,401563.000000000,0.090309683,4446511.000000000,4,2024
PRY,2025-01-01,old,53884.000000000,0.078447016,686884.000000000,4,2024
QAT,2025-01-01,old,125.000000000,0.000345582,361709.000000000,4,2024
SAU,2025-01-01,old,223878.000000000,0.126720934,1766701.000000000,4,2024
SDN,2025-01-01,old,412801.000000000,0.154623853,2669711.000000000,4,2024
SEN,2025-01-01,old,187.000000000,0.000181233,1031822.000000000,4,2024
SLV,2025-01-01,old,24560.000000000,0.033308108,737358.000000000,4,2024
SRB,2025-01-01,old,96.000000000,0.000048316,1986913.000000000,4,2024
SUR,2025-01-01,old,0.000000000,0.000000000,77667.000000000,4,2024
SYR,2025-01-01,old,2772.000000000,0.001039382,2666969.000000000,4,2024
TGO,2025-01-01,old,126.000000000,0.000252525,498961.000000000,4,2024
TJK,2025-01-01,old,0.000000000,0.000000000,711365.000000000,4,2024
TLS,2025-01-01,old,774163.000000000,7.349113830,105341.000000000,4,2024
URY,2025-01-01,old,84031.000000000,0.115696096,726308.000000000,4,2024
YEM,2025-01-01,old,2044.000000000,0.001250728,1634248.000000000,4,2024
ZMB,2025-01-01,old,16731.000000000,0.023484083,712440.000000000,4,2024
AIA,2025-01-01,other,0.000000000,,,4,2024
ARG,2025-01-01,other,1162470.000000000,,,4,2024
BLR,2025-01-01,other,12791.000000000,,,4,2024
BRA,2025-01-01,other,2823881.000000000,,,4,2024
BWA,2025-01-01,other,0.000000000,,,4,2024
CHL,2025-01-01,other,213849.000000000,,,4,2024
CIV,2025-01-01,other,8424.000000000,,,4,2024
COL,2025-01-01,other,740358.000000000,,,4,2024
ECU,2025-01-01,other,7141.000000000,,,4,2024
ETH,2025-01-01,other,15106.000000000,,,4,2024
JAM,2025-01-01,other,4477.000000000,,,4,2024
KEN,2025-01-01,other,490196.000000000,,,4,2024
KOR,2025-01-01,other,42181.000000000,,,4,2024
MEX,2025-01-01,other,1182654.000000000,,,4,2024
MNE,2025-01-01,other,93.000000000,,,4,2024
MSR,2025-01-01,other,0.000000000,,,4,2024
MWI,2025-01-01,other,824463.000000000,,,4,2024
NGA,2025-01-01,other,59288.000000000,,,4,2024
PAN,2025-01-01,other,9750.000000000,,,4,2024
PRY,2025-01-01,other,103049.000000000,,,4,2024
SAU,2025-01-01,other,2145.000000000,,,4,2024
TGO,2025-01-01,other,126.000000000,,,4,2024
TLS,2025-01-01,other,182806.000000000,,,4,2024
UGA,2025-01-01,other,0.000000000,,,4,2024
URY,2025-01-01,other,110211.000000000,,,4,2024
ESP,2025-01-01,pw,8522.000000000,,,4,2024
IRL,2025-01-01,pw,3455.000000000,,,4,2024
LVA,2025-01-01,pw,170.000000000,,,4,2024
PRT,2025-01-01,pw,9424.000000000,,,4,2024
AIA,2025-01-01,pw,0.000000000,,,4,2024
ALB,2025-01-01,pw,22.000000000,,,4,2024
ARG,2025-01-01,pw,5902.000000000,,,4,2024
BHR,2025-01-01,pw,0.000000000,,,4,2024
BLZ,2025-01-01,pw,0.000000000,,,4,2024
BOL,2025-01-01,pw,4337.000000000,,,4,2024
BRA,2025-01-01,pw,161375.000000000,,,4,2024
BWA,2025-01-01,pw,0.000000000,,,4,2024
CHL,2025-01-01,pw,10843.000000000,,,4,2024
CIV,2025-01-01,pw,15931.000000000,,,4,2024
CYM,2025-01-01,pw,2.000000000,,,4,2024
ECU,2025-01-01,pw,5829.000000000,,,4,2024
GRD,2025-01-01,pw,575.000000000,,,4,2024
GTM,2025-01-01,pw,2090.000000000,,,4,2024
HKG,2025-01-01,pw,199.000000000,,,4,2024
HND,2025-01-01,pw,11281.000000000,,,4,2024
MEX,2025-01-01,pw,180673.000000000,,,4,2024
MSR,2025-01-01,pw,0.000000000,,,4,2024
MWI,2025-01-01,pw,37809.000000000,,,4,2024
PAN,2025-01-01,pw,306.000000000,,,4,2024
PER,2025-01-01,pw,7493.000000000,,,4,2024
PRY,2025-01-01,pw,1881.000000000,,,4,2024
SAU,2025-01-01,pw,176.000000000,,,4,2024
SLV,2025-01-01,pw,496.000000000,,,4,2024
URY,2025-01-01,pw,1710.000000000,,,4,2024
ZMB,2025-01-01,pw,89.000000000,,,4,2024
BEL,2025-01-01,all,1420257.000000000,,,4,2024
BGR,2025-01-01,all,37121.000000000,,,4,2024
CZE,2025-01-01,all,317550.000000000,,,4,2024
DEU,2025-01-01,all,295744.000000000,,,4,2024
DNK,2025-01-01,all,820010.000000000,,,4,2024
ESP,2025-01-01,all,4113679.000000000,,,4,2024
EST,2025-01-01,all,31340.000000000,,,4,2024
FIN,2025-01-01,all,2592971.000000000,,,4,2024
FRA,2025-01-01,all,286571.000000000,,,4,2024
GRC,2025-01-01,all,216673.000000000,,,4,2024
HUN,2025-01-01,all,21856.000000000,,,4,2024
IRL,2025-01-01,all,688214.000000000,,,4,2024
ISL,2025-01-01,all,930.000000000,,,4,2024
ITA,2025-01-01,all,0.000000000,,,4,2024
KAZ,2025-01-01,all,3773.000000000,,,4,2024
LIE,2025-01-01,all,49.000000000,,,4,2024
LTU,2025-01-01,all,0.000000000,,,4,2024
LUX,2025-01-01,all,1115.000000000,,,4,2024
LVA,2025-01-01,all,23373.000000000,,,4,2024
MDA,2025-01-01,all,648.000000000,,,4,2024
POL,2025-01-01,all,839526.000000000,,,4,2024
PRT,2025-01-01,all,3054068.000000000,,,4,2024
ROU,2025-01-01,all,1727.000000000,,,4,2024
SVN,2025-01-01,all,19512.000000000,,,4,2024
SWE,2025-01-01,all,3084834.000000000,,,4,2024
UKR,2025-01-01,all,53906.000000000,,,4,2024
AFG,2025-01-01,all,1935071.000000000,,,4,2024
AIA,2025-01-01,all,0.000000000,,,4,2024
ALB,2025-01-01,all,3839.000000000,,,4,2024
ARG,2025-01-01,all,1692401.000000000,,,4,2024
AUS,2025-01-01,all,2498445.000000000,,,4,2024
AUT,2025-01-01,all,443454.000000000,,,4,2024
BGD,2025-01-01,all,20975.000000000,,,4,2024
BHR,2025-01-01,all,416.000000000,,,4,2024
BLZ,2025-01-01,all,1073.000000000,,,4,2024
BMU,2025-01-01,all,2051.000000000,,,4,2024
BOL,2025-01-01,all,329596.000000000,,,4,2024
BON,2025-01-01,all,875.000000000,,,4,2024
BRA,2025-01-01,all,12415520.000000000,,,4,2024
BRB,2025-01-01,all,0.000000000,,,4,2024
BWA,2025-01-01,all,0.000000000,,,4,2024
CAF,2025-01-01,all,266609.000000000,,,4,2024
CHL,2025-01-01,all,1910814.000000000,,,4,2024
CIV,2025-01-01,all,8424.000000000,,,4,2024
CMR,2025-01-01,all,8548.000000000,,,4,2024
COL,2025-01-01,all,740358.000000000,,,4,2024
CRI,2025-01-01,all,69672.000000000,,,4,2024
CYM,2025-01-01,all,1160.000000000,,,4,2024
ETH,2025-01-01,all,714596.000000000,,,4,2024
GEO,2025-01-01,all,0.000000000,,,4,2024
GMB,2025-01-01,all,2477.000000000,,,4,2024
GTM,2025-01-01,all,18761.000000000,,,4,2024
HKG,2025-01-01,all,198515.000000000,,,4,2024
IDN,2025-01-01,all,7543.000000000,,,4,2024
JAM,2025-01-01,all,5037.000000000,,,4,2024
KEN,2025-01-01,all,535639.000000000,,,4,2024
KOR,2025-01-01,all,4892893.000000000,,,4,2024
MAC,2025-01-01,all,19946.000000000,,,4,2024
MDV,2025-01-01,all,18.000000000,,,4,2024
MEX,2025-01-01,all,6628601.000000000,,,4,2024
MKD,2025-01-01,all,156.000000000,,,4,2024
MLT,2025-01-01,all,37693.000000000,,,4,2024
MNE,2025-01-01,all,130.000000000,,,4,2024
MSR,2025-01-01,all,0.000000000,,,4,2024
MWI,2025-01-01,all,947521.000000000,,,4,2024
NGA,2025-01-01,all,87018.000000000,,,4,2024
NIC,2025-01-01,all,3827621.000000000,,,4,2024
PAK,2025-01-01,all,112705.000000000,,,4,2024
PAN,2025-01-01,all,15445.000000000,,,4,2024
PER,2025-01-01,all,1486222.000000000,,,4,2024
PRY,2025-01-01,all,206695.000000000,,,4,2024
QAT,2025-01-01,all,2174.000000000,,,4,2024
RUS,2025-01-01,all,801224.000000000,,,4,2024
SAU,2025-01-01,all,270758.000000000,,,4,2024
SLV,2025-01-01,all,28527.000000000,,,4,2024
SMR,2025-01-01,all,314.000000000,,,4,2024
SRB,2025-01-01,all,129.000000000,,,4,2024
SYR,2025-01-01,all,18461.000000000,,,4,2024
TGO,2025-01-01,all,1254.000000000,,,4,2024
TJK,2025-01-01,all,0.000000000,,,4,2024
UGA,2025-01-01,all,0.000000000,,,4,2024
URY,2025-01-01,all,111929.000000000,,,4,2024
YEM,2025-01-01,all,6983.000000000,,,4,2024
ZMB,2025-01-01,all,16731.000000000,,,4,2024
AFG,2025-01-01,female,658087.000000000,,,4,2024
AIA,2025-01-01,female,0.000000000,,,4,2024
ARG,2025-01-01,female,945902.000000000,,,4,2024
AUS,2025-01-01,female,1376755.000000000,,,4,2024
BGD,2025-01-01,female,10705.000000000,,,4,2024
BHR,2025-01-01,female,160.000000000,,,4,2024
BMU,2025-01-01,female,1179.000000000,,,4,2024
BOL,2025-01-01,female,161702.000000000,,,4,2024
BRB,2025-01-01,female,0.000000000,,,4,2024
BWA,2025-01-01,female,0.000000000,,,4,2024
CHL,2025-01-01,female,1085319.000000000,,,4,2024
CIV,2025-01-01,female,115505.000000000,,,4,2024
CMR,2025-01-01,female,3371.000000000,,,4,2024
COL,2025-01-01,female,342728.000000000,,,4,2024
CRI,2025-01-01,female,32521.000000000,,,4,2024
CYM,2025-01-01,female,647.000000000,,,4,2024
GMB,2025-01-01,female,1434.000000000,,,4,2024
GTM,2025-01-01,female,12097.000000000,,,4,2024
HKG,2025-01-01,female,97881.000000000,,,4,2024
IDN,2025-01-01,female,1366.000000000,,,4,2024
JAM,2025-01-01,female,2479.000000000,,,4,2024
KOR,2025-01-01,female,2563594.000000000,,,4,2024
MAC,2025-01-01,female,9530.000000000,,,4,2024
MDV,2025-01-01,female,6.000000000,,,4,2024
MSR,2025-01-01,female,0.000000000,,,4,2024
MWI,2025-01-01,female,492711.000000000,,,4,2024
NGA,2025-01-01,female,47284.000000000,,,4,2024
PER,2025-01-01,female,809633.000000000,,,4,2024
PRY,2025-01-01,female,117194.000000000,,,4,2024
QAT,2025-01-01,female,920.000000000,,,4,2024
SAU,2025-01-01,female,89348.000000000,,,4,2024
SLV,2025-01-01,female,15719.000000000,,,4,2024
SYR,2025-01-01,female,9500.000000000,,,4,2024
UGA,2025-01-01,female,0.000000000,,,4,2024
URY,2025-01-01,female,64576.000000000,,,4,2024
ZMB,2025-01-01,female,9785.000000000,,,4,2024
AFG,2025-01-01,male,614790.000000000,,,4,2024
AIA,2025-01-01,male,0.000000000,,,4,2024
ARG,2025-01-01,male,744457.000000000,,,4,2024
AUS,2025-01-01,male,1117683.000000000,,,4,2024
BGD,2025-01-01,male,10270.000000000,,,4,2024
BHR,2025-01-01,male,256.000000000,,,4,2024
BMU,2025-01-01,male,872.000000000,,,4,2024
BOL,2025-01-01,male,167894.000000000,,,4,2024
BRB,2025-01-01,male,0.000000000,,,4,2024
BWA,2025-01-01,male,0.000000000,,,4,2024
CHL,2025-01-01,male,825495.000000000,,,4,2024
CIV,2025-01-01,male,96944.000000000,,,4,2024
CMR,2025-01-01,male,5177.000000000,,,4,2024
COL,2025-01-01,male,395667.000000000,,,4,2024
CRI,2025-01-01,male,28731.000000000,,,4,2024
CYM,2025-01-01,male,513.000000000,,,4,2024
GMB,2025-01-01,male,1043.000000000,,,4,2024
GTM,2025-01-01,male,6664.000000000,,,4,2024
HKG,2025-01-01,male,100634.000000000,,,4,2024
IDN,2025-01-01,male,1903.000000000,,,4,2024
JAM,2025-01-01,male,2558.000000000,,,4,2024
KOR,2025-01-01,male,2329299.000000000,,,4,2024
MAC,2025-01-01,male,10416.000000000,,,4,2024
MDV,2025-01-01,male,12.000000000,,,4,2024
MSR,2025-01-01,male,0.000000000,,,4,2024
MWI,2025-01-01,male,454810.000000000,,,4,2024
NGA,2025-01-01,male,39734.000000000,,,4,2024
PER,2025-01-01,male,676589.000000000,,,4,2024
PRY,2025-01-01,male,89501.000000000,,,4,2024
QAT,2025-01-01,male,1254.000000000,,,4,2024
SAU,2025-01-01,male,181410.000000000,,,4,2024
SLV,2025-01-01,male,12808.000000000,,,4,2024
SYR,2025-01-01,male,8961.000000000,,,4,2024
TCD,2025-01-01,male,0.000000000,,,4,2024
URY,2025-01-01,male,47299.000000000,,,4,2024
VGB,2025-01-01,male,0.000000000,,,4,2024
ZMB,2025-01-01,male,6946.000000000,,,4,2024
